artifact_id,state,variant,part,print_orientation,group,sites,magnet_count,last_completely_open_layer_z_mm,cavity_bury_roof_start_plane_z_mm,first_closing_layer_z_mm,pause_marker_z_mm,minimum_seated_below_last_open_layer_mm,minimum_seated_below_first_closing_layer_mm,print_insertion_direction_xyz,insertion_instruction,stl,stl_sha256,gcode,gcode_sha256,audited_bambu_3mf,audited_bambu_3mf_sha256,ready_project,ready_project_output_fingerprint,discovery_gcode,discovery_gcode_sha256,discovery_bambu_3mf,discovery_bambu_3mf_sha256,bambu_arrange_rz_degrees,polarity
floor_stand:A:stock_shoulder_1_of_4_top_left,floor_stand,A,stock_shoulder_1_of_4_top_left,front_face_down,1,stock_upper_left_receiver,1,5.8,5.80,5.96,5.96,0.09999990000004377,0.2599999000000439,"[0.0,0.0,-1.0]",insert vertically downward from above the paused part (+Z side) through the open loading chimney along print -Z,/Users/antor/gh/lx/top_baffle_v2/build/floor_stand/stl/stock_shoulder_1_of_4_top_left.stl,c226846fba25d831631e1ae83f2d20bd4229407e62ae8a196c1116f13d903091,/Users/antor/gh/lx/top_baffle_v2/review/captive_magnet_slice_audit/slices/floor_stand_A_stock_shoulder_1_of_4_top_left/ready/plate_1.gcode,2a5980fef81d0066dd0b0d229097bf26e4a9aa77084199eb1aafed517efbb51a,/Users/antor/gh/lx/top_baffle_v2/review/captive_magnet_slice_audit/slices/floor_stand_A_stock_shoulder_1_of_4_top_left/ready/ready_to_print.gcode.3mf,4434f42de4a653966a555d8ea7db3d1dd249cbb0fbc7a7ec6ac92b8fcce5432a,True,4a23f3bde934eb63f8860e9ce032894d953baf422fc77f6808a72e4ff0736cea,/Users/antor/gh/lx/top_baffle_v2/review/captive_magnet_slice_audit/slices/floor_stand_A_stock_shoulder_1_of_4_top_left/plate_1.gcode,fdf236d228405f8d1b6552924e9457ca39e982d1a3b6c28dc0fc9f0caf9403e8,/Users/antor/gh/lx/top_baffle_v2/review/captive_magnet_slice_audit/slices/floor_stand_A_stock_shoulder_1_of_4_top_left/audited_slice_project.3mf,3cb8bd3c590830f0de2a456875baf77b860ff8bec94be1cddf882bd2bb293f38,0.0,"[{""site"":""stock_upper_left_receiver"",""print_marked_pole_axis_xyz"":[-0.35021039696371,0.9366710617172503,0.0],""installed_marked_pole_axis_xyz"":[-0.35021039696371,-0.9366710617172503,0.0],""instruction"":""marked/N pole points along the same installed pair-axis vector as the carrier magnet; the face toward the carrier is therefore the opposite pole""}]"
floor_stand:A:stock_shoulder_2_of_4_top_right,floor_stand,A,stock_shoulder_2_of_4_top_right,front_face_down,1,stock_upper_right_receiver,1,5.8,5.80,5.96,5.96,0.09999990000004377,0.2599999000000439,"[0.0,0.0,-1.0]",insert vertically downward from above the paused part (+Z side) through the open loading chimney along print -Z,/Users/antor/gh/lx/top_baffle_v2/build/floor_stand/stl/stock_shoulder_2_of_4_top_right.stl,97d976c11078ed0a4e6e6f4f3862bbcd9042994b48a21ef5ee254f8f71fd838f,/Users/antor/gh/lx/top_baffle_v2/review/captive_magnet_slice_audit/slices/floor_stand_A_stock_shoulder_2_of_4_top_right/ready/plate_1.gcode,32a4a43b36d833066bbed5522ce09de242add900e79d0fd6db039b6727c52fbf,/Users/antor/gh/lx/top_baffle_v2/review/captive_magnet_slice_audit/slices/floor_stand_A_stock_shoulder_2_of_4_top_right/ready/ready_to_print.gcode.3mf,b91234cbacab8914fabf247cfbb177bfe117df8d4fd3120707b06f8fef3d474e,True,faa830f53734a39b6daf72d753d7a0f37f12b0c8be8b2618384dce1427da4f9c,/Users/antor/gh/lx/top_baffle_v2/review/captive_magnet_slice_audit/slices/floor_stand_A_stock_shoulder_2_of_4_top_right/plate_1.gcode,57f121d23c70590c077b9a2cb28c6c11b07c1fa8117812dbbde82369569d4a13,/Users/antor/gh/lx/top_baffle_v2/review/captive_magnet_slice_audit/slices/floor_stand_A_stock_shoulder_2_of_4_top_right/audited_slice_project.3mf,c191f1ce1d3658775906fb538f8d02093c9f489260535f5336fc4df712ed8311,0.0,"[{""site"":""stock_upper_right_receiver"",""print_marked_pole_axis_xyz"":[0.35021039696371,0.9366710617172503,0.0],""installed_marked_pole_axis_xyz"":[0.35021039696371,-0.9366710617172503,0.0],""instruction"":""marked/N pole points along the same installed pair-axis vector as the carrier magnet; the face toward the carrier is therefore the opposite pole""}]"
floor_stand:A:stock_shoulder_3_of_4_bottom_left,floor_stand,A,stock_shoulder_3_of_4_bottom_left,front_face_down,1,stock_lower_left_receiver,1,5.8,5.80,5.96,5.96,0.10000000000003428,0.2600000000000344,"[0.0,0.0,-1.0]",insert vertically downward from above the paused part (+Z side) through the open loading chimney along print -Z,/Users/antor/gh/lx/top_baffle_v2/build/floor_stand/stl/stock_shoulder_3_of_4_bottom_left.stl,498086f24109d792c45212144855bd570c06af4b5128fdca371a8cdb00960cf3,/Users/antor/gh/lx/top_baffle_v2/review/captive_magnet_slice_audit/slices/floor_stand_A_stock_shoulder_3_of_4_bottom_left/ready/plate_1.gcode,3b636d2fb762e508c71bc0c053d39d5117bba4bb5cf65b8fc3af6f1a76df46f1,/Users/antor/gh/lx/top_baffle_v2/review/captive_magnet_slice_audit/slices/floor_stand_A_stock_shoulder_3_of_4_bottom_left/ready/ready_to_print.gcode.3mf,2317aaa83c9b07ebbc2491469cb4e6bd23cd08a3b46fa4da7d3bfdf8faf25bf6,True,0dd9e203ca2d08dcc640b8fad9367d35da9569a1c8763f44655de5bcd6df8f4d,/Users/antor/gh/lx/top_baffle_v2/review/captive_magnet_slice_audit/slices/floor_stand_A_stock_shoulder_3_of_4_bottom_left/plate_1.gcode,0c83750224456f9d4228ad436e5ad0d516c2e0b9217aef8aa5bed7d7ea064439,/Users/antor/gh/lx/top_baffle_v2/review/captive_magnet_slice_audit/slices/floor_stand_A_stock_shoulder_3_of_4_bottom_left/audited_slice_project.3mf,440d633a94fb4b076a925ad75a2b952075b15f46988c1cd816fd97b80344f4b8,0.0,"[{""site"":""stock_lower_left_receiver"",""print_marked_pole_axis_xyz"":[-0.9584785342953424,0.2851646880226448,0.0],""installed_marked_pole_axis_xyz"":[-0.9584785342953424,-0.2851646880226448,0.0],""instruction"":""marked/N pole points along the same installed pair-axis vector as the carrier magnet; the face toward the carrier is therefore the opposite pole""}]"
floor_stand:A:stock_shoulder_4_of_4_bottom_right,floor_stand,A,stock_shoulder_4_of_4_bottom_right,front_face_down,1,stock_lower_right_receiver,1,5.8,5.80,5.96,5.96,0.10000000000003428,0.2600000000000344,"[0.0,0.0,-1.0]",insert vertically downward from above the paused part (+Z side) through the open loading chimney along print -Z,/Users/antor/gh/lx/top_baffle_v2/build/floor_stand/stl/stock_shoulder_4_of_4_bottom_right.stl,43fa254e1c788a6b9ec2170bf892955be8ec8321bc9aea0408f494038ea10792,/Users/antor/gh/lx/top_baffle_v2/review/captive_magnet_slice_audit/slices/floor_stand_A_stock_shoulder_4_of_4_bottom_right/ready/plate_1.gcode,d6334076c57a43f5e6f58e8a61908affc5eafe03e5a6b325902133a75ba2ff14,/Users/antor/gh/lx/top_baffle_v2/review/captive_magnet_slice_audit/slices/floor_stand_A_stock_shoulder_4_of_4_bottom_right/ready/ready_to_print.gcode.3mf,89cb5be9f172d982a5adeaf31ecf84871a0e06a1197149db40b42edc4fce5ef4,True,a8df16aa192171db84f2f80a361a3cdb282957a9fec3e8020e94b673d0a075d0,/Users/antor/gh/lx/top_baffle_v2/review/captive_magnet_slice_audit/slices/floor_stand_A_stock_shoulder_4_of_4_bottom_right/plate_1.gcode,25016fd7e9f6eee4cb9e91b7c3735d0f3266d16bce17b16bf1840fc6ed205c39,/Users/antor/gh/lx/top_baffle_v2/review/captive_magnet_slice_audit/slices/floor_stand_A_stock_shoulder_4_of_4_bottom_right/audited_slice_project.3mf,a723f8ff14b3d9a99f74976c99f4b83315eb963cd04dcbf02b0da94c2f0ec112,0.0,"[{""site"":""stock_lower_right_receiver"",""print_marked_pole_axis_xyz"":[0.9584785342953424,0.2851646880226448,0.0],""installed_marked_pole_axis_xyz"":[0.9584785342953424,-0.2851646880226448,0.0],""instruction"":""marked/N pole points along the same installed pair-axis vector as the carrier magnet; the face toward the carrier is therefore the opposite pole""}]"
floor_stand:B1:stock_wing_1_of_2_left,floor_stand,B1,stock_wing_1_of_2_left,front_face_down,1,stock_lower_left_receiver; stock_upper_left_receiver,2,5.8,5.80,5.96,5.96,0.09999990000004733,0.25999990000004747,"[0.0,0.0,-1.0]",insert vertically downward from above the paused part (+Z side) through the open loading chimney along print -Z,/Users/antor/gh/lx/top_baffle_v2/build/floor_stand/stl/stock_wing_1_of_2_left.stl,7749a25921f930432d155f8988afe0dd8516f2b119560c11890f4f2a309794f1,/Users/antor/gh/lx/top_baffle_v2/review/captive_magnet_slice_audit/slices/floor_stand_B1_stock_wing_1_of_2_left/ready/plate_1.gcode,23f31e18fb84701437db74aafdfac289557b692e85e89933c29b05b877b5f2ca,/Users/antor/gh/lx/top_baffle_v2/review/captive_magnet_slice_audit/slices/floor_stand_B1_stock_wing_1_of_2_left/ready/ready_to_print.gcode.3mf,2f9a3bbce985b1d6ffb2f2a3b0affc69a5a646ec21b5342324292d70a8727f31,True,350bc3a9cc07b00c203a368787f7f7eaa5d95f476d318ad49cd8a9233efe173c,/Users/antor/gh/lx/top_baffle_v2/review/captive_magnet_slice_audit/slices/floor_stand_B1_stock_wing_1_of_2_left/plate_1.gcode,552244fecbb3701a933bba542debf233b7830d090518fcba4ccb724406e83061,/Users/antor/gh/lx/top_baffle_v2/review/captive_magnet_slice_audit/slices/floor_stand_B1_stock_wing_1_of_2_left/audited_slice_project.3mf,17b25f5a2579cc01f5e6cb7062d8ca3b38eecab3c5f0c066249d2ac0a77efac7,0.0,"[{""site"":""stock_lower_left_receiver"",""print_marked_pole_axis_xyz"":[-0.9584785342953424,0.2851646880226448,0.0],""installed_marked_pole_axis_xyz"":[-0.9584785342953424,-0.2851646880226448,0.0],""instruction"":""marked/N pole points along the same installed pair-axis vector as the carrier magnet; the face toward the carrier is therefore the opposite pole""},{""site"":""stock_upper_left_receiver"",""print_marked_pole_axis_xyz"":[-0.35021039696371,0.9366710617172503,0.0],""installed_marked_pole_axis_xyz"":[-0.35021039696371,-0.9366710617172503,0.0],""instruction"":""marked/N pole points along the same installed pair-axis vector as the carrier magnet; the face toward the carrier is therefore the opposite pole""}]"
floor_stand:B1:stock_wing_2_of_2_right,floor_stand,B1,stock_wing_2_of_2_right,front_face_down,1,stock_lower_right_receiver; stock_upper_right_receiver,2,5.8,5.80,5.96,5.96,0.09999990000004377,0.2599999000000439,"[0.0,0.0,-1.0]",insert vertically downward from above the paused part (+Z side) through the open loading chimney along print -Z,/Users/antor/gh/lx/top_baffle_v2/build/floor_stand/stl/stock_wing_2_of_2_right.stl,8da84750e2cff0075955bd8245831ebfc0ddfc97d9bc36e97789069cadf5d67b,/Users/antor/gh/lx/top_baffle_v2/review/captive_magnet_slice_audit/slices/floor_stand_B1_stock_wing_2_of_2_right/ready/plate_1.gcode,4b76571b6f5b22031e16d6dc48e7aadf4e487447e2f1842308d207289c511c73,/Users/antor/gh/lx/top_baffle_v2/review/captive_magnet_slice_audit/slices/floor_stand_B1_stock_wing_2_of_2_right/ready/ready_to_print.gcode.3mf,2d87a84b8b04926a9bc23c82ca470d08848e1e145e0f751f238914a42267612d,True,9cb06cf2b13395854c8deaa8228d99f816faa5dcef5e170cf904d22a4ca717e0,/Users/antor/gh/lx/top_baffle_v2/review/captive_magnet_slice_audit/slices/floor_stand_B1_stock_wing_2_of_2_right/plate_1.gcode,3f3cb71d05d96d5e971e241a97a66ceabb5fc9da4982aa4e8e57258c93a596da,/Users/antor/gh/lx/top_baffle_v2/review/captive_magnet_slice_audit/slices/floor_stand_B1_stock_wing_2_of_2_right/audited_slice_project.3mf,8ddf7656a08952b264bb6267a0983ee586ee4ee041b57abec5e68c3d9566a930,0.0,"[{""site"":""stock_lower_right_receiver"",""print_marked_pole_axis_xyz"":[0.9584785342953424,0.2851646880226448,0.0],""installed_marked_pole_axis_xyz"":[0.9584785342953424,-0.2851646880226448,0.0],""instruction"":""marked/N pole points along the same installed pair-axis vector as the carrier magnet; the face toward the carrier is therefore the opposite pole""},{""site"":""stock_upper_right_receiver"",""print_marked_pole_axis_xyz"":[0.35021039696371,0.9366710617172503,0.0],""installed_marked_pole_axis_xyz"":[0.35021039696371,-0.9366710617172503,0.0],""instruction"":""marked/N pole points along the same installed pair-axis vector as the carrier magnet; the face toward the carrier is therefore the opposite pole""}]"
floor_stand:B2:stock_4_of_4_vase_b2,floor_stand,B2,stock_4_of_4_vase_b2,front_face_down,1,stock_lower_right_base; stock_lower_left_base; stock_upper_right_base; stock_upper_left_base,4,5.8,5.80,5.96,5.96,0.09999990000003667,0.2599999000000368,"[0.0,0.0,-1.0]",insert vertically downward from above the paused part (+Z side) through the open loading chimney along print -Z,/Users/antor/gh/lx/top_baffle_v2/build/floor_stand/stl/stock_4_of_4_vase_b2.stl,6c7b57df55b27ffa725e07d2d034f816f8350c86876d29a788fbc33ef0dfb25a,/Users/antor/gh/lx/top_baffle_v2/review/captive_magnet_slice_audit/slices/floor_stand_B2_stock_4_of_4_vase_b2/ready/plate_1.gcode,b07ec765453d54c0b8eaaac0cdeaf9edaf56f6efc58425dd7fed7a5d81647b2b,/Users/antor/gh/lx/top_baffle_v2/review/captive_magnet_slice_audit/slices/floor_stand_B2_stock_4_of_4_vase_b2/ready/ready_to_print.gcode.3mf,0d8cbaf272366d6e8cc4db4589e6514e2fe783f3a2e5d68191db46fc8bde3449,True,a08bbbfbcb428f131af030f16faec4e088ccb02e26b7e418ae0506c8a2e391cc,/Users/antor/gh/lx/top_baffle_v2/review/captive_magnet_slice_audit/slices/floor_stand_B2_stock_4_of_4_vase_b2/plate_1.gcode,d1a31c13d4be6984bace8db2fbfa47fa612c2541ea3f995d80e56bbe13f735f1,/Users/antor/gh/lx/top_baffle_v2/review/captive_magnet_slice_audit/slices/floor_stand_B2_stock_4_of_4_vase_b2/audited_slice_project.3mf,197d16d451b31dd17656952e1df0df1c4a83e732a12bac1cba8af7be05f84f30,0.0,"[{""site"":""stock_lower_right_base"",""print_marked_pole_axis_xyz"":[0.9584785342953424,0.2851646880226448,0.0],""installed_marked_pole_axis_xyz"":[0.9584785342953424,-0.2851646880226448,0.0],""instruction"":""marked/N pole points OUT from carrier toward its mating piece, along installed_marked_pole_axis_xyz""},{""site"":""stock_lower_left_base"",""print_marked_pole_axis_xyz"":[-0.9584785342953424,0.2851646880226448,0.0],""installed_marked_pole_axis_xyz"":[-0.9584785342953424,-0.2851646880226448,0.0],""instruction"":""marked/N pole points OUT from carrier toward its mating piece, along installed_marked_pole_axis_xyz""},{""site"":""stock_upper_right_base"",""print_marked_pole_axis_xyz"":[0.35021039696371,0.9366710617172503,0.0],""installed_marked_pole_axis_xyz"":[0.35021039696371,-0.9366710617172503,0.0],""instruction"":""marked/N pole points OUT from carrier toward its mating piece, along installed_marked_pole_axis_xyz""},{""site"":""stock_upper_left_base"",""print_marked_pole_axis_xyz"":[-0.35021039696371,0.9366710617172503,0.0],""installed_marked_pole_axis_xyz"":[-0.35021039696371,-0.9366710617172503,0.0],""instruction"":""marked/N pole points OUT from carrier toward its mating piece, along installed_marked_pole_axis_xyz""}]"
floor_stand:Obi-Wan-split:obiwan_optional_lm_keyed_1_of_2_bottom,floor_stand,Obi-Wan-split,obiwan_optional_lm_keyed_1_of_2_bottom,front_face_down,1,lm_lower_left; lm_lower_right,2,5.8,5.80,5.96,5.96,0.0999999000000047,0.25999990000000484,"[0.0,0.0,-1.0]",insert vertically downward from above the paused part (+Z side) through the open loading chimney along print -Z,/Users/antor/gh/lx/top_baffle_v2/build/floor_stand/stl/obiwan_optional_lm_keyed_1_of_2_bottom.stl,ef9fc6f41df88e938267656f651b4d58162bc6cbe1a7b00231d09d1a88fdb782,/Users/antor/gh/lx/top_baffle_v2/review/captive_magnet_slice_audit/slices/floor_stand_Obi-Wan-split_obiwan_optional_lm_keyed_1_of_2_bottom/ready/plate_1.gcode,1d6adfff9bb35bce18d613a67d1629f1c7d9324437fe21fbc236ea17230cd3ac,/Users/antor/gh/lx/top_baffle_v2/review/captive_magnet_slice_audit/slices/floor_stand_Obi-Wan-split_obiwan_optional_lm_keyed_1_of_2_bottom/ready/ready_to_print.gcode.3mf,75c5ac19783ac6e5f508dcab16e0baad313741d9d888091999acabb1ec702b86,True,bace41373d2842694e23fe6d117a7c2eba253b1f0ee2363e14a8e2beb8f335f1,/Users/antor/gh/lx/top_baffle_v2/review/captive_magnet_slice_audit/slices/floor_stand_Obi-Wan-split_obiwan_optional_lm_keyed_1_of_2_bottom/plate_1.gcode,ad98fa2a701c88632e89d063b053e676cc4dcc0fdcf64a1959a3c0c86357894f,/Users/antor/gh/lx/top_baffle_v2/review/captive_magnet_slice_audit/slices/floor_stand_Obi-Wan-split_obiwan_optional_lm_keyed_1_of_2_bottom/audited_slice_project.3mf,d016082cd338de7c02d34217f7ce7d31affbbe7f2473de62fc28c08e3201de58,0.0,"[{""site"":""lm_lower_left"",""print_marked_pole_axis_xyz"":[-0.9452165115184645,0.3264440937631809,0.0],""installed_marked_pole_axis_xyz"":[-0.7064513012709772,-0.7077616540421945,0.0],""instruction"":""marked/N pole points OUT from carrier toward its mating piece, along installed_marked_pole_axis_xyz""},{""site"":""lm_lower_right"",""print_marked_pole_axis_xyz"":[0.32469193564684246,0.9458198279407695,0.0],""installed_marked_pole_axis_xyz"":[0.7064513012709772,-0.7077616540421945,0.0],""instruction"":""marked/N pole points OUT from carrier toward its mating piece, along installed_marked_pole_axis_xyz""}]"
floor_stand:Obi-Wan-split:obiwan_optional_lm_keyed_2_of_2_top,floor_stand,Obi-Wan-split,obiwan_optional_lm_keyed_2_of_2_top,front_face_down,1,lm_upper_left; lm_upper_right,2,5.8,5.80,5.96,5.96,0.09999990000001535,0.2599999000000155,"[0.0,0.0,-1.0]",insert vertically downward from above the paused part (+Z side) through the open loading chimney along print -Z,/Users/antor/gh/lx/top_baffle_v2/build/floor_stand/stl/obiwan_optional_lm_keyed_2_of_2_top.stl,6b835da885eea11b3068375e67aa12c1356b3791987c8cd981a8c4d0d428b0c3,/Users/antor/gh/lx/top_baffle_v2/review/captive_magnet_slice_audit/slices/floor_stand_Obi-Wan-split_obiwan_optional_lm_keyed_2_of_2_top/ready/plate_1.gcode,f98b8438e98f752cb63eeb218eb84b133d02d3f5f8b2d8de9a0aa798d8250f8e,/Users/antor/gh/lx/top_baffle_v2/review/captive_magnet_slice_audit/slices/floor_stand_Obi-Wan-split_obiwan_optional_lm_keyed_2_of_2_top/ready/ready_to_print.gcode.3mf,7f6a66d5d27a08d3d42064a3617ba3e13fa3bf5855247d2616e14dca1039be20,True,d4094f12e111cf11f1038d23999c3315e688b6e62fdf0f71a0c259bd43c58316,/Users/antor/gh/lx/top_baffle_v2/review/captive_magnet_slice_audit/slices/floor_stand_Obi-Wan-split_obiwan_optional_lm_keyed_2_of_2_top/plate_1.gcode,2d9569c0e48ffdd421cd9a3b76cd061d926411ce0aea8263ea523f60c41ad186,/Users/antor/gh/lx/top_baffle_v2/review/captive_magnet_slice_audit/slices/floor_stand_Obi-Wan-split_obiwan_optional_lm_keyed_2_of_2_top/audited_slice_project.3mf,f30c7717536b29ec62be37e20b04e89bd09457e990ab259c721c830b717eb14f,0.0,"[{""site"":""lm_upper_left"",""print_marked_pole_axis_xyz"":[0.3255681544571566,-0.9455185755993172,0.0],""installed_marked_pole_axis_xyz"":[-0.4383711467890776,0.8987940462991671,0.0],""instruction"":""marked/N pole points OUT from carrier toward its mating piece, along installed_marked_pole_axis_xyz""},{""site"":""lm_upper_right"",""print_marked_pole_axis_xyz"":[0.9455185755993168,-0.32556815445715676,0.0],""installed_marked_pole_axis_xyz"":[0.43837114678907746,0.898794046299167,0.0],""instruction"":""marked/N pole points OUT from carrier toward its mating piece, along installed_marked_pole_axis_xyz""}]"
floor_stand:Obi-Wan:obiwan_core_2_of_2_um_carrier,floor_stand,Obi-Wan,obiwan_core_2_of_2_um_carrier,front_face_down,1,um_left; um_right,2,5.8,5.80,5.96,5.96,0.09999990000003667,0.2599999000000368,"[0.0,0.0,-1.0]",insert vertically downward from above the paused part (+Z side) through the open loading chimney along print -Z,/Users/antor/gh/lx/top_baffle_v2/build/floor_stand/stl/obiwan_core_2_of_2_um_carrier.stl,775e47af7a1ee0b0092762a3080c525e32259d98ba29c926ae17f3a089a8b340,/Users/antor/gh/lx/top_baffle_v2/review/captive_magnet_slice_audit/slices/floor_stand_Obi-Wan_obiwan_core_2_of_2_um_carrier/ready/plate_1.gcode,db838fb965467558e95253ad972dc76a1b16a568554522c58ff21a966801dd74,/Users/antor/gh/lx/top_baffle_v2/review/captive_magnet_slice_audit/slices/floor_stand_Obi-Wan_obiwan_core_2_of_2_um_carrier/ready/ready_to_print.gcode.3mf,263cd11ea99c981cbd859a6f3e1eae02366cf0836c9453a6b2631dfa1b59b234,True,d373dd1f1c80a1829ed1288480b196ea42f94ed3458692ff91d7a7282217e7b0,/Users/antor/gh/lx/top_baffle_v2/review/captive_magnet_slice_audit/slices/floor_stand_Obi-Wan_obiwan_core_2_of_2_um_carrier/plate_1.gcode,fac893765b0567147cfd6096cffbe967fa5a0c7ae2f60772dc458878214e34a8,/Users/antor/gh/lx/top_baffle_v2/review/captive_magnet_slice_audit/slices/floor_stand_Obi-Wan_obiwan_core_2_of_2_um_carrier/audited_slice_project.3mf,6141182a6d701fd9de00e80445612255f066fcc44dcc940a2b16554b6d070b61,0.0,"[{""site"":""um_left"",""print_marked_pole_axis_xyz"":[-0.6360782202777641,-0.7716245833877199,0.0],""installed_marked_pole_axis_xyz"":[-0.6360782202777641,0.7716245833877199,0.0],""instruction"":""marked/N pole points OUT from carrier toward its mating piece, along installed_marked_pole_axis_xyz""},{""site"":""um_right"",""print_marked_pole_axis_xyz"":[0.636078220277764,-0.77162458338772,0.0],""installed_marked_pole_axis_xyz"":[0.636078220277764,0.77162458338772,0.0],""instruction"":""marked/N pole points OUT from carrier toward its mating piece, along installed_marked_pole_axis_xyz""}]"
floor_stand:V1-A:slim_shoulder_1_of_4_bottom_left,floor_stand,V1-A,slim_shoulder_1_of_4_bottom_left,front_face_down,1,v1_lower_left_receiver,1,5.8,5.80,5.96,5.96,0.10000000000003428,0.2600000000000344,"[0.0,0.0,-1.0]",insert vertically downward from above the paused part (+Z side) through the open loading chimney along print -Z,/Users/antor/gh/lx/top_baffle_v2/build/floor_stand/stl/slim_shoulder_1_of_4_bottom_left.stl,7ece5a1b6edf2e30a5764feb5abc982f8bb85bffb5269ebc66cbfacff1bcd2af,/Users/antor/gh/lx/top_baffle_v2/review/captive_magnet_slice_audit/slices/floor_stand_V1-A_slim_shoulder_1_of_4_bottom_left/ready/plate_1.gcode,4c86c10926387d335bc4c7c7e9329a6449aae0b321c955628f954de970a4b2be,/Users/antor/gh/lx/top_baffle_v2/review/captive_magnet_slice_audit/slices/floor_stand_V1-A_slim_shoulder_1_of_4_bottom_left/ready/ready_to_print.gcode.3mf,b0ed5cd1882d23dfe8c96d32b552cc2c7858ae9541eac0a8e86ee8e236de515e,True,63284bcb48b887f53188222c226e7a0e65b24f0bf57f94188da8161560731ac5,/Users/antor/gh/lx/top_baffle_v2/review/captive_magnet_slice_audit/slices/floor_stand_V1-A_slim_shoulder_1_of_4_bottom_left/plate_1.gcode,6f8fcc63eeca282d6372c99ef37c71993d7e08c7c21e6eb49362198a3bbf9548,/Users/antor/gh/lx/top_baffle_v2/review/captive_magnet_slice_audit/slices/floor_stand_V1-A_slim_shoulder_1_of_4_bottom_left/audited_slice_project.3mf,59128f671d20cbcf650d54455f7c2008b132dfb80dfc5cac767557f7aa6c7899,0.0,"[{""site"":""v1_lower_left_receiver"",""print_marked_pole_axis_xyz"":[-0.9584785342953424,0.2851646880226448,0.0],""installed_marked_pole_axis_xyz"":[-0.9584785342953424,-0.2851646880226448,0.0],""instruction"":""marked/N pole points along the same installed pair-axis vector as the carrier magnet; the face toward the carrier is therefore the opposite pole""}]"
floor_stand:V1-A:slim_shoulder_2_of_4_top_left,floor_stand,V1-A,slim_shoulder_2_of_4_top_left,front_face_down,1,v1_upper_left_receiver,1,5.8,5.80,5.96,5.96,0.09999990000004377,0.2599999000000439,"[0.0,0.0,-1.0]",insert vertically downward from above the paused part (+Z side) through the open loading chimney along print -Z,/Users/antor/gh/lx/top_baffle_v2/build/floor_stand/stl/slim_shoulder_2_of_4_top_left.stl,6336437600757c539da9e109d44901fdb078da56c6e41d37c03b7c4717e5c6a1,/Users/antor/gh/lx/top_baffle_v2/review/captive_magnet_slice_audit/slices/floor_stand_V1-A_slim_shoulder_2_of_4_top_left/ready/plate_1.gcode,6cceafc155ecfd8b341c6cded1d0231d1668a593ea164a135646e2381715352a,/Users/antor/gh/lx/top_baffle_v2/review/captive_magnet_slice_audit/slices/floor_stand_V1-A_slim_shoulder_2_of_4_top_left/ready/ready_to_print.gcode.3mf,b4c22593aef6ba4670ab398f664382f3e4a2507943ac21b67c55082982ef634b,True,28248edc4ab3caa1449cd9386468aeefec14158bb7ac7df0392b4777574c76be,/Users/antor/gh/lx/top_baffle_v2/review/captive_magnet_slice_audit/slices/floor_stand_V1-A_slim_shoulder_2_of_4_top_left/plate_1.gcode,13c27bb0b2aa024bd782e6bff6b892ec849e7eb8e3940ffe2459f6ee65b1e0b1,/Users/antor/gh/lx/top_baffle_v2/review/captive_magnet_slice_audit/slices/floor_stand_V1-A_slim_shoulder_2_of_4_top_left/audited_slice_project.3mf,e4d64e0fabb3aac46adb6463de0157e13314d201cf829be1333df1a0e5359c72,0.0,"[{""site"":""v1_upper_left_receiver"",""print_marked_pole_axis_xyz"":[-0.35021039696371,0.9366710617172503,0.0],""installed_marked_pole_axis_xyz"":[-0.35021039696371,-0.9366710617172503,0.0],""instruction"":""marked/N pole points along the same installed pair-axis vector as the carrier magnet; the face toward the carrier is therefore the opposite pole""}]"
floor_stand:V1-A:slim_shoulder_3_of_4_bottom_right,floor_stand,V1-A,slim_shoulder_3_of_4_bottom_right,front_face_down,1,v1_lower_right_receiver,1,5.8,5.80,5.96,5.96,0.10000000000003428,0.2600000000000344,"[0.0,0.0,-1.0]",insert vertically downward from above the paused part (+Z side) through the open loading chimney along print -Z,/Users/antor/gh/lx/top_baffle_v2/build/floor_stand/stl/slim_shoulder_3_of_4_bottom_right.stl,3c520a232faa90973f9b422c8f8f549dc2d4d25cbb67ba466989bdb5f079b398,/Users/antor/gh/lx/top_baffle_v2/review/captive_magnet_slice_audit/slices/floor_stand_V1-A_slim_shoulder_3_of_4_bottom_right/ready/plate_1.gcode,9ac352754b19aed76ab290842a4eec89ebefe0a56fb8faa391f78e68bba6ec97,/Users/antor/gh/lx/top_baffle_v2/review/captive_magnet_slice_audit/slices/floor_stand_V1-A_slim_shoulder_3_of_4_bottom_right/ready/ready_to_print.gcode.3mf,86f448cc9396c2c14d3daf0fce13bc72d84cccee131ec280ce35a8e988e00353,True,8def2b0eb3fbda47b9694005628f38b528fa659a20ac169eb0d7330479b68a70,/Users/antor/gh/lx/top_baffle_v2/review/captive_magnet_slice_audit/slices/floor_stand_V1-A_slim_shoulder_3_of_4_bottom_right/plate_1.gcode,88ec36fe93182b126d2147ee078096fa60622a1ff016b69c47115460804f4148,/Users/antor/gh/lx/top_baffle_v2/review/captive_magnet_slice_audit/slices/floor_stand_V1-A_slim_shoulder_3_of_4_bottom_right/audited_slice_project.3mf,b88fa65ea7ad717ec79070f457b89664d13287e64a4688ecbc358482bb08e9e0,0.0,"[{""site"":""v1_lower_right_receiver"",""print_marked_pole_axis_xyz"":[0.9584785342953424,0.2851646880226448,0.0],""installed_marked_pole_axis_xyz"":[0.9584785342953424,-0.2851646880226448,0.0],""instruction"":""marked/N pole points along the same installed pair-axis vector as the carrier magnet; the face toward the carrier is therefore the opposite pole""}]"
floor_stand:V1-A:slim_shoulder_4_of_4_top_right,floor_stand,V1-A,slim_shoulder_4_of_4_top_right,front_face_down,1,v1_upper_right_receiver,1,5.8,5.80,5.96,5.96,0.09999990000004377,0.2599999000000439,"[0.0,0.0,-1.0]",insert vertically downward from above the paused part (+Z side) through the open loading chimney along print -Z,/Users/antor/gh/lx/top_baffle_v2/build/floor_stand/stl/slim_shoulder_4_of_4_top_right.stl,647ee1a713b756e5fc4900af2d5f824c204598c99108a6b34ab602f12e1f562e,/Users/antor/gh/lx/top_baffle_v2/review/captive_magnet_slice_audit/slices/floor_stand_V1-A_slim_shoulder_4_of_4_top_right/ready/plate_1.gcode,d929316ed73def9f90be2894395a9f9e76afab6847fb1f039b0619980801419b,/Users/antor/gh/lx/top_baffle_v2/review/captive_magnet_slice_audit/slices/floor_stand_V1-A_slim_shoulder_4_of_4_top_right/ready/ready_to_print.gcode.3mf,072591167af5dbf39c42b36f3b66475cd8ca3bb78161dbb7c153decffb5b555d,True,cf8f86bbde56764d2c0eb7863c1456f229c917f5068a8e524ebbc3d1cf08b109,/Users/antor/gh/lx/top_baffle_v2/review/captive_magnet_slice_audit/slices/floor_stand_V1-A_slim_shoulder_4_of_4_top_right/plate_1.gcode,2de4a4f0fb94d1b491bc0b8a9b30b9e835011c7d96b281d9e1e226a9cdf5383b,/Users/antor/gh/lx/top_baffle_v2/review/captive_magnet_slice_audit/slices/floor_stand_V1-A_slim_shoulder_4_of_4_top_right/audited_slice_project.3mf,4f65d23a563361ce5dd50db13eb3786505126d4abfda6cd427846270e0629dcf,0.0,"[{""site"":""v1_upper_right_receiver"",""print_marked_pole_axis_xyz"":[0.35021039696371,0.9366710617172503,0.0],""installed_marked_pole_axis_xyz"":[0.35021039696371,-0.9366710617172503,0.0],""instruction"":""marked/N pole points along the same installed pair-axis vector as the carrier magnet; the face toward the carrier is therefore the opposite pole""}]"
floor_stand:V1-B1:slim_wing_1_of_2_left,floor_stand,V1-B1,slim_wing_1_of_2_left,front_face_down,1,v1_lower_left_receiver; v1_upper_left_receiver,2,5.8,5.80,5.96,5.96,0.09999990000004733,0.25999990000004747,"[0.0,0.0,-1.0]",insert vertically downward from above the paused part (+Z side) through the open loading chimney along print -Z,/Users/antor/gh/lx/top_baffle_v2/build/floor_stand/stl/slim_wing_1_of_2_left.stl,7b8a1ef0d700cd196d177ad16eed0e51da2601f81e91f777a77df314e40cd788,/Users/antor/gh/lx/top_baffle_v2/review/captive_magnet_slice_audit/slices/floor_stand_V1-B1_slim_wing_1_of_2_left/ready/plate_1.gcode,0872780e02867e8448c93c8b1425a60d923ed6163beb10d06a8fb61399ae4811,/Users/antor/gh/lx/top_baffle_v2/review/captive_magnet_slice_audit/slices/floor_stand_V1-B1_slim_wing_1_of_2_left/ready/ready_to_print.gcode.3mf,2c4bfa3f4850b01e9c4507c82ceb9bee68ee836e03efd4a56113f5dcd86b7125,True,9386ec96a10bdd574d60bcf84cb3796969227b7904d26e17efe39ec70969e4d1,/Users/antor/gh/lx/top_baffle_v2/review/captive_magnet_slice_audit/slices/floor_stand_V1-B1_slim_wing_1_of_2_left/plate_1.gcode,7effbedfbe638f82a3a596c812563a38d4035f8f74f519f5d56839a9785d94e0,/Users/antor/gh/lx/top_baffle_v2/review/captive_magnet_slice_audit/slices/floor_stand_V1-B1_slim_wing_1_of_2_left/audited_slice_project.3mf,8a1a09b00e2797259cc840d2471003f371f9204de5a9410c3fc0eeb206f803c4,0.0,"[{""site"":""v1_lower_left_receiver"",""print_marked_pole_axis_xyz"":[-0.9584785342953424,0.2851646880226448,0.0],""installed_marked_pole_axis_xyz"":[-0.9584785342953424,-0.2851646880226448,0.0],""instruction"":""marked/N pole points along the same installed pair-axis vector as the carrier magnet; the face toward the carrier is therefore the opposite pole""},{""site"":""v1_upper_left_receiver"",""print_marked_pole_axis_xyz"":[-0.35021039696371,0.9366710617172503,0.0],""installed_marked_pole_axis_xyz"":[-0.35021039696371,-0.9366710617172503,0.0],""instruction"":""marked/N pole points along the same installed pair-axis vector as the carrier magnet; the face toward the carrier is therefore the opposite pole""}]"
floor_stand:V1-B1:slim_wing_2_of_2_right,floor_stand,V1-B1,slim_wing_2_of_2_right,front_face_down,1,v1_lower_right_receiver; v1_upper_right_receiver,2,5.8,5.80,5.96,5.96,0.09999990000004377,0.2599999000000439,"[0.0,0.0,-1.0]",insert vertically downward from above the paused part (+Z side) through the open loading chimney along print -Z,/Users/antor/gh/lx/top_baffle_v2/build/floor_stand/stl/slim_wing_2_of_2_right.stl,52491d7e9e756a76699d176edd2f0303dbb2ab9a473b85f588fb0dee194d73e9,/Users/antor/gh/lx/top_baffle_v2/review/captive_magnet_slice_audit/slices/floor_stand_V1-B1_slim_wing_2_of_2_right/ready/plate_1.gcode,68887254adc1383a234a18e51937d5a440e967b28ebb45f899caead36f28f071,/Users/antor/gh/lx/top_baffle_v2/review/captive_magnet_slice_audit/slices/floor_stand_V1-B1_slim_wing_2_of_2_right/ready/ready_to_print.gcode.3mf,e8a55ba49680eacb814ec822174e5456537eb9f6321702533e456e2ed203ecbd,True,7f8eaeea5cf02f7281713265812dd1b4e5a48ef3b9a8f0fe0ce0fdd7769ad9d0,/Users/antor/gh/lx/top_baffle_v2/review/captive_magnet_slice_audit/slices/floor_stand_V1-B1_slim_wing_2_of_2_right/plate_1.gcode,3ab73c77002091b22ffbd53cc636f57d9c8fc6cc7baf5149069d08e40407d76b,/Users/antor/gh/lx/top_baffle_v2/review/captive_magnet_slice_audit/slices/floor_stand_V1-B1_slim_wing_2_of_2_right/audited_slice_project.3mf,96fb2086acd80040d1fe92e41e30075663cba9e7d01168d27b953d3afb1f674f,0.0,"[{""site"":""v1_lower_right_receiver"",""print_marked_pole_axis_xyz"":[0.9584785342953424,0.2851646880226448,0.0],""installed_marked_pole_axis_xyz"":[0.9584785342953424,-0.2851646880226448,0.0],""instruction"":""marked/N pole points along the same installed pair-axis vector as the carrier magnet; the face toward the carrier is therefore the opposite pole""},{""site"":""v1_upper_right_receiver"",""print_marked_pole_axis_xyz"":[0.35021039696371,0.9366710617172503,0.0],""installed_marked_pole_axis_xyz"":[0.35021039696371,-0.9366710617172503,0.0],""instruction"":""marked/N pole points along the same installed pair-axis vector as the carrier magnet; the face toward the carrier is therefore the opposite pole""}]"
floor_stand:V1L:slim_4_of_4_vase_b2,floor_stand,V1L,slim_4_of_4_vase_b2,front_face_down,1,v1_lower_right_base; v1_lower_left_base; v1_upper_right_base; v1_upper_left_base,4,5.8,5.80,5.96,5.96,0.09999990000003667,0.2599999000000368,"[0.0,0.0,-1.0]",insert vertically downward from above the paused part (+Z side) through the open loading chimney along print -Z,/Users/antor/gh/lx/top_baffle_v2/build/floor_stand/stl/slim_4_of_4_vase_b2.stl,894fdc60dc89f515b7b8f15b1e6af96d493423f4f0f8ec213e6f66643602de7a,/Users/antor/gh/lx/top_baffle_v2/review/captive_magnet_slice_audit/slices/floor_stand_V1L_slim_4_of_4_vase_b2/ready/plate_1.gcode,428ae1fb49008ad492f702f8f975329b3c6a645aeca4d5d5f32a22ec035c953b,/Users/antor/gh/lx/top_baffle_v2/review/captive_magnet_slice_audit/slices/floor_stand_V1L_slim_4_of_4_vase_b2/ready/ready_to_print.gcode.3mf,4b93544ce53ea27f48d2fe1acae3e26a228729cf59e938f2fdfe8d938aa3aa66,True,810b988c012e063aa535e1392ab112cfe6b321aab52208f9cde7474029210e2f,/Users/antor/gh/lx/top_baffle_v2/review/captive_magnet_slice_audit/slices/floor_stand_V1L_slim_4_of_4_vase_b2/plate_1.gcode,ce77b6365a25a58aa83febea7957eda20bf559fa922b080c8311e169e0ff82b2,/Users/antor/gh/lx/top_baffle_v2/review/captive_magnet_slice_audit/slices/floor_stand_V1L_slim_4_of_4_vase_b2/audited_slice_project.3mf,cdac4d2b6f7d9fd59105ee47f5c68b4ba2a961e8b9683696f3b2dd562bd64a04,0.0,"[{""site"":""v1_lower_right_base"",""print_marked_pole_axis_xyz"":[0.9584785342953424,0.2851646880226448,0.0],""installed_marked_pole_axis_xyz"":[0.9584785342953424,-0.2851646880226448,0.0],""instruction"":""marked/N pole points OUT from carrier toward its mating piece, along installed_marked_pole_axis_xyz""},{""site"":""v1_lower_left_base"",""print_marked_pole_axis_xyz"":[-0.9584785342953424,0.2851646880226448,0.0],""installed_marked_pole_axis_xyz"":[-0.9584785342953424,-0.2851646880226448,0.0],""instruction"":""marked/N pole points OUT from carrier toward its mating piece, along installed_marked_pole_axis_xyz""},{""site"":""v1_upper_right_base"",""print_marked_pole_axis_xyz"":[0.35021039696371,0.9366710617172503,0.0],""installed_marked_pole_axis_xyz"":[0.35021039696371,-0.9366710617172503,0.0],""instruction"":""marked/N pole points OUT from carrier toward its mating piece, along installed_marked_pole_axis_xyz""},{""site"":""v1_upper_left_base"",""print_marked_pole_axis_xyz"":[-0.35021039696371,0.9366710617172503,0.0],""installed_marked_pole_axis_xyz"":[-0.35021039696371,-0.9366710617172503,0.0],""instruction"":""marked/N pole points OUT from carrier toward its mating piece, along installed_marked_pole_axis_xyz""}]"
floor_stand:coupon1:lx521_coupon_1_fit_plate,floor_stand,coupon1,lx521_coupon_1_fit_plate,front_face_down,1,coupon1_v1_upper_base,1,6.6,6.60,6.76,6.76,0.1999999999999993,0.35999999999999943,"[0.0,0.0,-1.0]",insert vertically downward from above the paused part (+Z side) through the open loading chimney along print -Z,/Users/antor/gh/lx/top_baffle_v2/build/floor_stand/stl/lx521_coupon_1_fit_plate.stl,88ec70cfeaf03b854e8271aaac5d0646c24efbdba8d6f374fad12a644df425a3,/Users/antor/gh/lx/top_baffle_v2/review/captive_magnet_slice_audit/slices/floor_stand_coupon1_lx521_coupon_1_fit_plate/ready/plate_1.gcode,4b4de9860fb3bdde82bbe670bd9f668554a857d309adb62591176acfd12a0e3f,/Users/antor/gh/lx/top_baffle_v2/review/captive_magnet_slice_audit/slices/floor_stand_coupon1_lx521_coupon_1_fit_plate/ready/ready_to_print.gcode.3mf,1b8c1fdeacae7cbb42e76749f22628bfbc0536079ca3242f80d9547f995976b9,True,d9a12216e1055a35477e85cf6d43b4dc6edf73f05bc7c05077d41a448024f132,/Users/antor/gh/lx/top_baffle_v2/review/captive_magnet_slice_audit/slices/floor_stand_coupon1_lx521_coupon_1_fit_plate/plate_1.gcode,9585cef398791041497e4d732334091754630af9182d8ea4b6995945fe97ecdb,/Users/antor/gh/lx/top_baffle_v2/review/captive_magnet_slice_audit/slices/floor_stand_coupon1_lx521_coupon_1_fit_plate/audited_slice_project.3mf,ba13806087566fc0e7c1501f1f5affb3e00bf63fdddf5e2dcae92bc96da20d07,0.0,"[{""site"":""coupon1_v1_upper_base"",""print_marked_pole_axis_xyz"":[0.0,1.0,0.0],""installed_marked_pole_axis_xyz"":[0.0,-1.0,0.0],""instruction"":""unpaired coupon1 regression station: marked/N pole points along installed -Y (print +Y under its X180/Z0 transform); there is no mating magnet and no attraction claim""}]"
no_floor_stand:A:stock_shoulder_1_of_4_top_left,no_floor_stand,A,stock_shoulder_1_of_4_top_left,front_face_down,1,stock_upper_left_receiver,1,5.8,5.80,5.96,5.96,0.09999990000004377,0.2599999000000439,"[0.0,0.0,-1.0]",insert vertically downward from above the paused part (+Z side) through the open loading chimney along print -Z,/Users/antor/gh/lx/top_baffle_v2/build/no_floor_stand/stl/stock_shoulder_1_of_4_top_left.stl,c226846fba25d831631e1ae83f2d20bd4229407e62ae8a196c1116f13d903091,/Users/antor/gh/lx/top_baffle_v2/review/captive_magnet_slice_audit/slices/no_floor_stand_A_stock_shoulder_1_of_4_top_left/ready/plate_1.gcode,2a5980fef81d0066dd0b0d229097bf26e4a9aa77084199eb1aafed517efbb51a,/Users/antor/gh/lx/top_baffle_v2/review/captive_magnet_slice_audit/slices/no_floor_stand_A_stock_shoulder_1_of_4_top_left/ready/ready_to_print.gcode.3mf,7cb88c971236aa02e17b50bb359781c9556da10273c1184b46651cd3c9c720e5,True,83303ac21156e65e9977df56bb65cd3f1d5ade0a8940bae1207779597e92fdf7,/Users/antor/gh/lx/top_baffle_v2/review/captive_magnet_slice_audit/slices/no_floor_stand_A_stock_shoulder_1_of_4_top_left/plate_1.gcode,fdf236d228405f8d1b6552924e9457ca39e982d1a3b6c28dc0fc9f0caf9403e8,/Users/antor/gh/lx/top_baffle_v2/review/captive_magnet_slice_audit/slices/no_floor_stand_A_stock_shoulder_1_of_4_top_left/audited_slice_project.3mf,816c36cd3c685a33e53cdd9ab010e8618f082153150d872a87f9b5b9a9b10cab,0.0,"[{""site"":""stock_upper_left_receiver"",""print_marked_pole_axis_xyz"":[-0.35021039696371,0.9366710617172503,0.0],""installed_marked_pole_axis_xyz"":[-0.35021039696371,-0.9366710617172503,0.0],""instruction"":""marked/N pole points along the same installed pair-axis vector as the carrier magnet; the face toward the carrier is therefore the opposite pole""}]"
no_floor_stand:A:stock_shoulder_2_of_4_top_right,no_floor_stand,A,stock_shoulder_2_of_4_top_right,front_face_down,1,stock_upper_right_receiver,1,5.8,5.80,5.96,5.96,0.09999990000004377,0.2599999000000439,"[0.0,0.0,-1.0]",insert vertically downward from above the paused part (+Z side) through the open loading chimney along print -Z,/Users/antor/gh/lx/top_baffle_v2/build/no_floor_stand/stl/stock_shoulder_2_of_4_top_right.stl,97d976c11078ed0a4e6e6f4f3862bbcd9042994b48a21ef5ee254f8f71fd838f,/Users/antor/gh/lx/top_baffle_v2/review/captive_magnet_slice_audit/slices/no_floor_stand_A_stock_shoulder_2_of_4_top_right/ready/plate_1.gcode,48af6533b2ece1b8fd41c55c3c6b9dd7ecc8ce491474b01adceba90a8eb378f8,/Users/antor/gh/lx/top_baffle_v2/review/captive_magnet_slice_audit/slices/no_floor_stand_A_stock_shoulder_2_of_4_top_right/ready/ready_to_print.gcode.3mf,5dd70ca185241fe247a7fbaa30690ae89e838696db40f585f39a666d51272208,True,f4d95d30f73ce92f1821efc3a165c78b4cef43ef22d622b47ad748c28e1dc37a,/Users/antor/gh/lx/top_baffle_v2/review/captive_magnet_slice_audit/slices/no_floor_stand_A_stock_shoulder_2_of_4_top_right/plate_1.gcode,57f121d23c70590c077b9a2cb28c6c11b07c1fa8117812dbbde82369569d4a13,/Users/antor/gh/lx/top_baffle_v2/review/captive_magnet_slice_audit/slices/no_floor_stand_A_stock_shoulder_2_of_4_top_right/audited_slice_project.3mf,28e645a424c25e1c6be8b8c3cb639a39d5f1f8858574e4aa264a8320503a9102,0.0,"[{""site"":""stock_upper_right_receiver"",""print_marked_pole_axis_xyz"":[0.35021039696371,0.9366710617172503,0.0],""installed_marked_pole_axis_xyz"":[0.35021039696371,-0.9366710617172503,0.0],""instruction"":""marked/N pole points along the same installed pair-axis vector as the carrier magnet; the face toward the carrier is therefore the opposite pole""}]"
no_floor_stand:A:stock_shoulder_3_of_4_bottom_left,no_floor_stand,A,stock_shoulder_3_of_4_bottom_left,front_face_down,1,stock_lower_left_receiver,1,5.8,5.80,5.96,5.96,0.10000000000003428,0.2600000000000344,"[0.0,0.0,-1.0]",insert vertically downward from above the paused part (+Z side) through the open loading chimney along print -Z,/Users/antor/gh/lx/top_baffle_v2/build/no_floor_stand/stl/stock_shoulder_3_of_4_bottom_left.stl,498086f24109d792c45212144855bd570c06af4b5128fdca371a8cdb00960cf3,/Users/antor/gh/lx/top_baffle_v2/review/captive_magnet_slice_audit/slices/no_floor_stand_A_stock_shoulder_3_of_4_bottom_left/ready/plate_1.gcode,3b636d2fb762e508c71bc0c053d39d5117bba4bb5cf65b8fc3af6f1a76df46f1,/Users/antor/gh/lx/top_baffle_v2/review/captive_magnet_slice_audit/slices/no_floor_stand_A_stock_shoulder_3_of_4_bottom_left/ready/ready_to_print.gcode.3mf,b2f04106825439acd9059c8d3fcc48cfd986d0011d55b369966d326503c5eb22,True,819dbc2bbd774dee9694b388eae0373b98df0a1b342100330c8d5666aec8f2a6,/Users/antor/gh/lx/top_baffle_v2/review/captive_magnet_slice_audit/slices/no_floor_stand_A_stock_shoulder_3_of_4_bottom_left/plate_1.gcode,0c83750224456f9d4228ad436e5ad0d516c2e0b9217aef8aa5bed7d7ea064439,/Users/antor/gh/lx/top_baffle_v2/review/captive_magnet_slice_audit/slices/no_floor_stand_A_stock_shoulder_3_of_4_bottom_left/audited_slice_project.3mf,d3ba7a491309b89a0c5d0b81216c21d9ef99e0a05dd7792bbbd4f1afa68ae6d3,0.0,"[{""site"":""stock_lower_left_receiver"",""print_marked_pole_axis_xyz"":[-0.9584785342953424,0.2851646880226448,0.0],""installed_marked_pole_axis_xyz"":[-0.9584785342953424,-0.2851646880226448,0.0],""instruction"":""marked/N pole points along the same installed pair-axis vector as the carrier magnet; the face toward the carrier is therefore the opposite pole""}]"
no_floor_stand:A:stock_shoulder_4_of_4_bottom_right,no_floor_stand,A,stock_shoulder_4_of_4_bottom_right,front_face_down,1,stock_lower_right_receiver,1,5.8,5.80,5.96,5.96,0.10000000000003428,0.2600000000000344,"[0.0,0.0,-1.0]",insert vertically downward from above the paused part (+Z side) through the open loading chimney along print -Z,/Users/antor/gh/lx/top_baffle_v2/build/no_floor_stand/stl/stock_shoulder_4_of_4_bottom_right.stl,43fa254e1c788a6b9ec2170bf892955be8ec8321bc9aea0408f494038ea10792,/Users/antor/gh/lx/top_baffle_v2/review/captive_magnet_slice_audit/slices/no_floor_stand_A_stock_shoulder_4_of_4_bottom_right/ready/plate_1.gcode,d6334076c57a43f5e6f58e8a61908affc5eafe03e5a6b325902133a75ba2ff14,/Users/antor/gh/lx/top_baffle_v2/review/captive_magnet_slice_audit/slices/no_floor_stand_A_stock_shoulder_4_of_4_bottom_right/ready/ready_to_print.gcode.3mf,cd1f9cca07a683789d061e2d2fd514f5737f7598db5be8e44216edce564c27eb,True,c560b03c816837dc9e903bd894399276cc85330512b9b60bb4874ed4a7fc8ad4,/Users/antor/gh/lx/top_baffle_v2/review/captive_magnet_slice_audit/slices/no_floor_stand_A_stock_shoulder_4_of_4_bottom_right/plate_1.gcode,25016fd7e9f6eee4cb9e91b7c3735d0f3266d16bce17b16bf1840fc6ed205c39,/Users/antor/gh/lx/top_baffle_v2/review/captive_magnet_slice_audit/slices/no_floor_stand_A_stock_shoulder_4_of_4_bottom_right/audited_slice_project.3mf,d1362a1522e752150a4130a6265a4ac9f01fe256580c899b9b3d81ff5bc14fb8,0.0,"[{""site"":""stock_lower_right_receiver"",""print_marked_pole_axis_xyz"":[0.9584785342953424,0.2851646880226448,0.0],""installed_marked_pole_axis_xyz"":[0.9584785342953424,-0.2851646880226448,0.0],""instruction"":""marked/N pole points along the same installed pair-axis vector as the carrier magnet; the face toward the carrier is therefore the opposite pole""}]"
no_floor_stand:B1:stock_wing_1_of_2_left,no_floor_stand,B1,stock_wing_1_of_2_left,front_face_down,1,stock_lower_left_receiver; stock_upper_left_receiver,2,5.8,5.80,5.96,5.96,0.09999990000004733,0.25999990000004747,"[0.0,0.0,-1.0]",insert vertically downward from above the paused part (+Z side) through the open loading chimney along print -Z,/Users/antor/gh/lx/top_baffle_v2/build/no_floor_stand/stl/stock_wing_1_of_2_left.stl,7749a25921f930432d155f8988afe0dd8516f2b119560c11890f4f2a309794f1,/Users/antor/gh/lx/top_baffle_v2/review/captive_magnet_slice_audit/slices/no_floor_stand_B1_stock_wing_1_of_2_left/ready/plate_1.gcode,23f31e18fb84701437db74aafdfac289557b692e85e89933c29b05b877b5f2ca,/Users/antor/gh/lx/top_baffle_v2/review/captive_magnet_slice_audit/slices/no_floor_stand_B1_stock_wing_1_of_2_left/ready/ready_to_print.gcode.3mf,ce6ed55b4c33c5e34b83a67131b4cf883cf876435ba787b9039e409f3dd7139f,True,7df64cba041b7727a78d7b7378f1c04bc451d59eecc8b7f56ab3266288e897c3,/Users/antor/gh/lx/top_baffle_v2/review/captive_magnet_slice_audit/slices/no_floor_stand_B1_stock_wing_1_of_2_left/plate_1.gcode,552244fecbb3701a933bba542debf233b7830d090518fcba4ccb724406e83061,/Users/antor/gh/lx/top_baffle_v2/review/captive_magnet_slice_audit/slices/no_floor_stand_B1_stock_wing_1_of_2_left/audited_slice_project.3mf,a8d741183ef524dadf7f1ba40f74fdeb9540c85877b31ba9c1e6d62be25f848f,0.0,"[{""site"":""stock_lower_left_receiver"",""print_marked_pole_axis_xyz"":[-0.9584785342953424,0.2851646880226448,0.0],""installed_marked_pole_axis_xyz"":[-0.9584785342953424,-0.2851646880226448,0.0],""instruction"":""marked/N pole points along the same installed pair-axis vector as the carrier magnet; the face toward the carrier is therefore the opposite pole""},{""site"":""stock_upper_left_receiver"",""print_marked_pole_axis_xyz"":[-0.35021039696371,0.9366710617172503,0.0],""installed_marked_pole_axis_xyz"":[-0.35021039696371,-0.9366710617172503,0.0],""instruction"":""marked/N pole points along the same installed pair-axis vector as the carrier magnet; the face toward the carrier is therefore the opposite pole""}]"
no_floor_stand:B1:stock_wing_2_of_2_right,no_floor_stand,B1,stock_wing_2_of_2_right,front_face_down,1,stock_lower_right_receiver; stock_upper_right_receiver,2,5.8,5.80,5.96,5.96,0.09999990000004377,0.2599999000000439,"[0.0,0.0,-1.0]",insert vertically downward from above the paused part (+Z side) through the open loading chimney along print -Z,/Users/antor/gh/lx/top_baffle_v2/build/no_floor_stand/stl/stock_wing_2_of_2_right.stl,8da84750e2cff0075955bd8245831ebfc0ddfc97d9bc36e97789069cadf5d67b,/Users/antor/gh/lx/top_baffle_v2/review/captive_magnet_slice_audit/slices/no_floor_stand_B1_stock_wing_2_of_2_right/ready/plate_1.gcode,4b76571b6f5b22031e16d6dc48e7aadf4e487447e2f1842308d207289c511c73,/Users/antor/gh/lx/top_baffle_v2/review/captive_magnet_slice_audit/slices/no_floor_stand_B1_stock_wing_2_of_2_right/ready/ready_to_print.gcode.3mf,84761558fc8bc17305e23b2aa3bebd2d72ad59ded26fdc598d9d4fc913b7255a,True,b5bc16fdfee6a29db0c0e10df493cfa78661773919c9da39f0d9df7a133997f2,/Users/antor/gh/lx/top_baffle_v2/review/captive_magnet_slice_audit/slices/no_floor_stand_B1_stock_wing_2_of_2_right/plate_1.gcode,3f3cb71d05d96d5e971e241a97a66ceabb5fc9da4982aa4e8e57258c93a596da,/Users/antor/gh/lx/top_baffle_v2/review/captive_magnet_slice_audit/slices/no_floor_stand_B1_stock_wing_2_of_2_right/audited_slice_project.3mf,77b9a3bf5a055acabe77a8ba4c6e9dab44ee1360b109c0ba363246c60890155b,0.0,"[{""site"":""stock_lower_right_receiver"",""print_marked_pole_axis_xyz"":[0.9584785342953424,0.2851646880226448,0.0],""installed_marked_pole_axis_xyz"":[0.9584785342953424,-0.2851646880226448,0.0],""instruction"":""marked/N pole points along the same installed pair-axis vector as the carrier magnet; the face toward the carrier is therefore the opposite pole""},{""site"":""stock_upper_right_receiver"",""print_marked_pole_axis_xyz"":[0.35021039696371,0.9366710617172503,0.0],""installed_marked_pole_axis_xyz"":[0.35021039696371,-0.9366710617172503,0.0],""instruction"":""marked/N pole points along the same installed pair-axis vector as the carrier magnet; the face toward the carrier is therefore the opposite pole""}]"
no_floor_stand:B2:stock_4_of_4_vase_b2,no_floor_stand,B2,stock_4_of_4_vase_b2,front_face_down,1,stock_lower_right_base; stock_lower_left_base; stock_upper_right_base; stock_upper_left_base,4,5.8,5.80,5.96,5.96,0.09999990000003667,0.2599999000000368,"[0.0,0.0,-1.0]",insert vertically downward from above the paused part (+Z side) through the open loading chimney along print -Z,/Users/antor/gh/lx/top_baffle_v2/build/no_floor_stand/stl/stock_4_of_4_vase_b2.stl,b8bf6122dbb5fa5e9f26f401264ef92a13c94149629db6742231b4a35ed38833,/Users/antor/gh/lx/top_baffle_v2/review/captive_magnet_slice_audit/slices/no_floor_stand_B2_stock_4_of_4_vase_b2/ready/plate_1.gcode,618c80e142b97df114158762d27fe0aa5bd5db6e27fe2b929ab1a7471ba6b4c0,/Users/antor/gh/lx/top_baffle_v2/review/captive_magnet_slice_audit/slices/no_floor_stand_B2_stock_4_of_4_vase_b2/ready/ready_to_print.gcode.3mf,295c3e22e8fd60f3572fa0ce6add6923ce2efdbcf3d17a79ec1d2e3ad07b6f6b,True,dcbf9bcbc4037c98cb82ae91716c732a2a8a4dfee0fa3af66d2ca153d0075982,/Users/antor/gh/lx/top_baffle_v2/review/captive_magnet_slice_audit/slices/no_floor_stand_B2_stock_4_of_4_vase_b2/plate_1.gcode,9eeb7f580df5edfe66c21bcbd4ddba92eff047838f126a2b46d5449866312857,/Users/antor/gh/lx/top_baffle_v2/review/captive_magnet_slice_audit/slices/no_floor_stand_B2_stock_4_of_4_vase_b2/audited_slice_project.3mf,39260fc8229565dd519063522e2514a2164541ad9df199ad9051d7a4f63ae76a,0.0,"[{""site"":""stock_lower_right_base"",""print_marked_pole_axis_xyz"":[0.9584785342953424,0.2851646880226448,0.0],""installed_marked_pole_axis_xyz"":[0.9584785342953424,-0.2851646880226448,0.0],""instruction"":""marked/N pole points OUT from carrier toward its mating piece, along installed_marked_pole_axis_xyz""},{""site"":""stock_lower_left_base"",""print_marked_pole_axis_xyz"":[-0.9584785342953424,0.2851646880226448,0.0],""installed_marked_pole_axis_xyz"":[-0.9584785342953424,-0.2851646880226448,0.0],""instruction"":""marked/N pole points OUT from carrier toward its mating piece, along installed_marked_pole_axis_xyz""},{""site"":""stock_upper_right_base"",""print_marked_pole_axis_xyz"":[0.35021039696371,0.9366710617172503,0.0],""installed_marked_pole_axis_xyz"":[0.35021039696371,-0.9366710617172503,0.0],""instruction"":""marked/N pole points OUT from carrier toward its mating piece, along installed_marked_pole_axis_xyz""},{""site"":""stock_upper_left_base"",""print_marked_pole_axis_xyz"":[-0.35021039696371,0.9366710617172503,0.0],""installed_marked_pole_axis_xyz"":[-0.35021039696371,-0.9366710617172503,0.0],""instruction"":""marked/N pole points OUT from carrier toward its mating piece, along installed_marked_pole_axis_xyz""}]"
no_floor_stand:Obi-Wan-split:obiwan_optional_lm_keyed_1_of_2_bottom,no_floor_stand,Obi-Wan-split,obiwan_optional_lm_keyed_1_of_2_bottom,front_face_down,1,lm_lower_left; lm_lower_right,2,5.8,5.80,5.96,5.96,0.09999990000001535,0.2599999000000155,"[0.0,0.0,-1.0]",insert vertically downward from above the paused part (+Z side) through the open loading chimney along print -Z,/Users/antor/gh/lx/top_baffle_v2/build/no_floor_stand/stl/obiwan_optional_lm_keyed_1_of_2_bottom.stl,c99727fc462885ebe49b8f374873d2ee61ba7fe9c159d86ec05dba928ea69ae5,/Users/antor/gh/lx/top_baffle_v2/review/captive_magnet_slice_audit/slices/no_floor_stand_Obi-Wan-split_obiwan_optional_lm_keyed_1_of_2_bottom/ready/plate_1.gcode,b8a6fd409755bf0738dbf9e2e3d9e7ed176cb7adde8fd6c01392352958d332e1,/Users/antor/gh/lx/top_baffle_v2/review/captive_magnet_slice_audit/slices/no_floor_stand_Obi-Wan-split_obiwan_optional_lm_keyed_1_of_2_bottom/ready/ready_to_print.gcode.3mf,3ebe3cbd62d87b14e8e5f75c279484b5f1d263c95242b47a6b216326f0ffb2fe,True,dfe018e7f6963592a2e17b8ab714b80377611099ad7c7c5c18bad2f263020463,/Users/antor/gh/lx/top_baffle_v2/review/captive_magnet_slice_audit/slices/no_floor_stand_Obi-Wan-split_obiwan_optional_lm_keyed_1_of_2_bottom/plate_1.gcode,55df5313be168594326a3f12361005506966f48c8b348610d0a9a6f124a8ac69,/Users/antor/gh/lx/top_baffle_v2/review/captive_magnet_slice_audit/slices/no_floor_stand_Obi-Wan-split_obiwan_optional_lm_keyed_1_of_2_bottom/audited_slice_project.3mf,6f8242f7ce886a24628ba17902b2d66ea64098af1a0536c2cde8f81cd1d2534d,0.0,"[{""site"":""lm_lower_left"",""print_marked_pole_axis_xyz"":[-0.9452165115184645,0.3264440937631809,0.0],""installed_marked_pole_axis_xyz"":[-0.7064513012709772,-0.7077616540421945,0.0],""instruction"":""marked/N pole points OUT from carrier toward its mating piece, along installed_marked_pole_axis_xyz""},{""site"":""lm_lower_right"",""print_marked_pole_axis_xyz"":[0.32469193564684246,0.9458198279407695,0.0],""installed_marked_pole_axis_xyz"":[0.7064513012709772,-0.7077616540421945,0.0],""instruction"":""marked/N pole points OUT from carrier toward its mating piece, along installed_marked_pole_axis_xyz""}]"
no_floor_stand:Obi-Wan-split:obiwan_optional_lm_keyed_2_of_2_top,no_floor_stand,Obi-Wan-split,obiwan_optional_lm_keyed_2_of_2_top,front_face_down,1,lm_upper_left; lm_upper_right,2,5.8,5.80,5.96,5.96,0.09999990000001535,0.2599999000000155,"[0.0,0.0,-1.0]",insert vertically downward from above the paused part (+Z side) through the open loading chimney along print -Z,/Users/antor/gh/lx/top_baffle_v2/build/no_floor_stand/stl/obiwan_optional_lm_keyed_2_of_2_top.stl,557e78934785ba317f9721becbb4dc3442f9ed81aec296c83885b813257e3099,/Users/antor/gh/lx/top_baffle_v2/review/captive_magnet_slice_audit/slices/no_floor_stand_Obi-Wan-split_obiwan_optional_lm_keyed_2_of_2_top/ready/plate_1.gcode,ccc9849c943bf8c8061a3b753111391d0241caa79c38fa47bea189b762e494ce,/Users/antor/gh/lx/top_baffle_v2/review/captive_magnet_slice_audit/slices/no_floor_stand_Obi-Wan-split_obiwan_optional_lm_keyed_2_of_2_top/ready/ready_to_print.gcode.3mf,5e563a9a860542a4797825fb09c7f9c58686a5e29f9c0e1ca4bfab197a8593c3,True,0a237d62f2b906d5a8bc4a4d982205c25198c8244e91831c0b92bb0441c41730,/Users/antor/gh/lx/top_baffle_v2/review/captive_magnet_slice_audit/slices/no_floor_stand_Obi-Wan-split_obiwan_optional_lm_keyed_2_of_2_top/plate_1.gcode,7ffc1e7916d498c3d5d96a1a2a5723f1b891b2498b1ebdc7b54e815a1a788406,/Users/antor/gh/lx/top_baffle_v2/review/captive_magnet_slice_audit/slices/no_floor_stand_Obi-Wan-split_obiwan_optional_lm_keyed_2_of_2_top/audited_slice_project.3mf,35d641585f602dd4a7677b6672501c3662c8f359ddaf0de27983a6ad9a3fe4f8,0.0,"[{""site"":""lm_upper_left"",""print_marked_pole_axis_xyz"":[0.3255681544571566,-0.9455185755993172,0.0],""installed_marked_pole_axis_xyz"":[-0.4383711467890776,0.8987940462991671,0.0],""instruction"":""marked/N pole points OUT from carrier toward its mating piece, along installed_marked_pole_axis_xyz""},{""site"":""lm_upper_right"",""print_marked_pole_axis_xyz"":[0.9455185755993168,-0.32556815445715676,0.0],""installed_marked_pole_axis_xyz"":[0.43837114678907746,0.898794046299167,0.0],""instruction"":""marked/N pole points OUT from carrier toward its mating piece, along installed_marked_pole_axis_xyz""}]"
no_floor_stand:Obi-Wan:obiwan_core_2_of_2_um_carrier,no_floor_stand,Obi-Wan,obiwan_core_2_of_2_um_carrier,front_face_down,1,um_left; um_right,2,5.8,5.80,5.96,5.96,0.09999990000003667,0.2599999000000368,"[0.0,0.0,-1.0]",insert vertically downward from above the paused part (+Z side) through the open loading chimney along print -Z,/Users/antor/gh/lx/top_baffle_v2/build/no_floor_stand/stl/obiwan_core_2_of_2_um_carrier.stl,a2b070ecc6406c392eb7f652a823b5efb38f5fcbd8f17acc2270820a4126f6bd,/Users/antor/gh/lx/top_baffle_v2/review/captive_magnet_slice_audit/slices/no_floor_stand_Obi-Wan_obiwan_core_2_of_2_um_carrier/ready/plate_1.gcode,a7fb7860354ea9f5ebd79110ab71204354b295b09364e33473812a2fc18237c5,/Users/antor/gh/lx/top_baffle_v2/review/captive_magnet_slice_audit/slices/no_floor_stand_Obi-Wan_obiwan_core_2_of_2_um_carrier/ready/ready_to_print.gcode.3mf,f60f29a8eaf60bf125613441e81847b63b13cb4e8a48c4080adaa6f713606e59,True,3cb3175daec353b4dcc3aa3e3ac06a1e2b92d1655d8d1f121bfb320e258b3d5c,/Users/antor/gh/lx/top_baffle_v2/review/captive_magnet_slice_audit/slices/no_floor_stand_Obi-Wan_obiwan_core_2_of_2_um_carrier/plate_1.gcode,21482fc031bd4ad3bea8fd6c79eefbb47cee265f210f2a393bdabec11f37c129,/Users/antor/gh/lx/top_baffle_v2/review/captive_magnet_slice_audit/slices/no_floor_stand_Obi-Wan_obiwan_core_2_of_2_um_carrier/audited_slice_project.3mf,0700a550a002b89ad7150aa0318875464d13b467c20e8737ba84c08c43ad0fa1,0.0,"[{""site"":""um_left"",""print_marked_pole_axis_xyz"":[-0.6360782202777641,-0.7716245833877199,0.0],""installed_marked_pole_axis_xyz"":[-0.6360782202777641,0.7716245833877199,0.0],""instruction"":""marked/N pole points OUT from carrier toward its mating piece, along installed_marked_pole_axis_xyz""},{""site"":""um_right"",""print_marked_pole_axis_xyz"":[0.636078220277764,-0.77162458338772,0.0],""installed_marked_pole_axis_xyz"":[0.636078220277764,0.77162458338772,0.0],""instruction"":""marked/N pole points OUT from carrier toward its mating piece, along installed_marked_pole_axis_xyz""}]"
no_floor_stand:V1-A:slim_shoulder_1_of_4_bottom_left,no_floor_stand,V1-A,slim_shoulder_1_of_4_bottom_left,front_face_down,1,v1_lower_left_receiver,1,5.8,5.80,5.96,5.96,0.10000000000003428,0.2600000000000344,"[0.0,0.0,-1.0]",insert vertically downward from above the paused part (+Z side) through the open loading chimney along print -Z,/Users/antor/gh/lx/top_baffle_v2/build/no_floor_stand/stl/slim_shoulder_1_of_4_bottom_left.stl,7ece5a1b6edf2e30a5764feb5abc982f8bb85bffb5269ebc66cbfacff1bcd2af,/Users/antor/gh/lx/top_baffle_v2/review/captive_magnet_slice_audit/slices/no_floor_stand_V1-A_slim_shoulder_1_of_4_bottom_left/ready/plate_1.gcode,4c86c10926387d335bc4c7c7e9329a6449aae0b321c955628f954de970a4b2be,/Users/antor/gh/lx/top_baffle_v2/review/captive_magnet_slice_audit/slices/no_floor_stand_V1-A_slim_shoulder_1_of_4_bottom_left/ready/ready_to_print.gcode.3mf,16d45404698fc6949e96d6ccb1f620c44fa8d18834b4b0d96ab11ffd24d9282f,True,54f59da3db6f55aa2c0c9068978c29b24a18d7f090411b8032448dc658b30b4f,/Users/antor/gh/lx/top_baffle_v2/review/captive_magnet_slice_audit/slices/no_floor_stand_V1-A_slim_shoulder_1_of_4_bottom_left/plate_1.gcode,6f8fcc63eeca282d6372c99ef37c71993d7e08c7c21e6eb49362198a3bbf9548,/Users/antor/gh/lx/top_baffle_v2/review/captive_magnet_slice_audit/slices/no_floor_stand_V1-A_slim_shoulder_1_of_4_bottom_left/audited_slice_project.3mf,b218467c12cd64363cfdaff79c8a29b153698520567165f80e8b107c4d1682e5,0.0,"[{""site"":""v1_lower_left_receiver"",""print_marked_pole_axis_xyz"":[-0.9584785342953424,0.2851646880226448,0.0],""installed_marked_pole_axis_xyz"":[-0.9584785342953424,-0.2851646880226448,0.0],""instruction"":""marked/N pole points along the same installed pair-axis vector as the carrier magnet; the face toward the carrier is therefore the opposite pole""}]"
no_floor_stand:V1-A:slim_shoulder_2_of_4_top_left,no_floor_stand,V1-A,slim_shoulder_2_of_4_top_left,front_face_down,1,v1_upper_left_receiver,1,5.8,5.80,5.96,5.96,0.09999990000004377,0.2599999000000439,"[0.0,0.0,-1.0]",insert vertically downward from above the paused part (+Z side) through the open loading chimney along print -Z,/Users/antor/gh/lx/top_baffle_v2/build/no_floor_stand/stl/slim_shoulder_2_of_4_top_left.stl,6336437600757c539da9e109d44901fdb078da56c6e41d37c03b7c4717e5c6a1,/Users/antor/gh/lx/top_baffle_v2/review/captive_magnet_slice_audit/slices/no_floor_stand_V1-A_slim_shoulder_2_of_4_top_left/ready/plate_1.gcode,6cceafc155ecfd8b341c6cded1d0231d1668a593ea164a135646e2381715352a,/Users/antor/gh/lx/top_baffle_v2/review/captive_magnet_slice_audit/slices/no_floor_stand_V1-A_slim_shoulder_2_of_4_top_left/ready/ready_to_print.gcode.3mf,dbfa9f118aaee23b6ab53f9758ec899cf380b65e9a24d1000ecb97d7a02beb4f,True,31424761c6ab8b27326e9302b593b9c1ceb224fe710c54434ac050b04f0a2990,/Users/antor/gh/lx/top_baffle_v2/review/captive_magnet_slice_audit/slices/no_floor_stand_V1-A_slim_shoulder_2_of_4_top_left/plate_1.gcode,13c27bb0b2aa024bd782e6bff6b892ec849e7eb8e3940ffe2459f6ee65b1e0b1,/Users/antor/gh/lx/top_baffle_v2/review/captive_magnet_slice_audit/slices/no_floor_stand_V1-A_slim_shoulder_2_of_4_top_left/audited_slice_project.3mf,5810488243745b6128a13bc8bfaecbb8abcb5934d3943fa824ecbc4bdbfff9a6,0.0,"[{""site"":""v1_upper_left_receiver"",""print_marked_pole_axis_xyz"":[-0.35021039696371,0.9366710617172503,0.0],""installed_marked_pole_axis_xyz"":[-0.35021039696371,-0.9366710617172503,0.0],""instruction"":""marked/N pole points along the same installed pair-axis vector as the carrier magnet; the face toward the carrier is therefore the opposite pole""}]"
no_floor_stand:V1-A:slim_shoulder_3_of_4_bottom_right,no_floor_stand,V1-A,slim_shoulder_3_of_4_bottom_right,front_face_down,1,v1_lower_right_receiver,1,5.8,5.80,5.96,5.96,0.10000000000003428,0.2600000000000344,"[0.0,0.0,-1.0]",insert vertically downward from above the paused part (+Z side) through the open loading chimney along print -Z,/Users/antor/gh/lx/top_baffle_v2/build/no_floor_stand/stl/slim_shoulder_3_of_4_bottom_right.stl,3c520a232faa90973f9b422c8f8f549dc2d4d25cbb67ba466989bdb5f079b398,/Users/antor/gh/lx/top_baffle_v2/review/captive_magnet_slice_audit/slices/no_floor_stand_V1-A_slim_shoulder_3_of_4_bottom_right/ready/plate_1.gcode,9ac352754b19aed76ab290842a4eec89ebefe0a56fb8faa391f78e68bba6ec97,/Users/antor/gh/lx/top_baffle_v2/review/captive_magnet_slice_audit/slices/no_floor_stand_V1-A_slim_shoulder_3_of_4_bottom_right/ready/ready_to_print.gcode.3mf,8f9b68424726151d95de99e9341902f5f9a4036ff2684c7f04478da3f83c4db1,True,5d9f6c6a007efbf76bb34cb33646538378f507f3f0fa1f1b235d70478026284a,/Users/antor/gh/lx/top_baffle_v2/review/captive_magnet_slice_audit/slices/no_floor_stand_V1-A_slim_shoulder_3_of_4_bottom_right/plate_1.gcode,88ec36fe93182b126d2147ee078096fa60622a1ff016b69c47115460804f4148,/Users/antor/gh/lx/top_baffle_v2/review/captive_magnet_slice_audit/slices/no_floor_stand_V1-A_slim_shoulder_3_of_4_bottom_right/audited_slice_project.3mf,bddf0b7717731a9606f98b213e0ff3fcde810b8769c4223ed5e8587222f7be82,0.0,"[{""site"":""v1_lower_right_receiver"",""print_marked_pole_axis_xyz"":[0.9584785342953424,0.2851646880226448,0.0],""installed_marked_pole_axis_xyz"":[0.9584785342953424,-0.2851646880226448,0.0],""instruction"":""marked/N pole points along the same installed pair-axis vector as the carrier magnet; the face toward the carrier is therefore the opposite pole""}]"
no_floor_stand:V1-A:slim_shoulder_4_of_4_top_right,no_floor_stand,V1-A,slim_shoulder_4_of_4_top_right,front_face_down,1,v1_upper_right_receiver,1,5.8,5.80,5.96,5.96,0.09999990000004377,0.2599999000000439,"[0.0,0.0,-1.0]",insert vertically downward from above the paused part (+Z side) through the open loading chimney along print -Z,/Users/antor/gh/lx/top_baffle_v2/build/no_floor_stand/stl/slim_shoulder_4_of_4_top_right.stl,647ee1a713b756e5fc4900af2d5f824c204598c99108a6b34ab602f12e1f562e,/Users/antor/gh/lx/top_baffle_v2/review/captive_magnet_slice_audit/slices/no_floor_stand_V1-A_slim_shoulder_4_of_4_top_right/ready/plate_1.gcode,d929316ed73def9f90be2894395a9f9e76afab6847fb1f039b0619980801419b,/Users/antor/gh/lx/top_baffle_v2/review/captive_magnet_slice_audit/slices/no_floor_stand_V1-A_slim_shoulder_4_of_4_top_right/ready/ready_to_print.gcode.3mf,1106018e2281d2f868943f62f27a9ceb8aaff900bef551b4ad8aed34b19c6108,True,47cd76b8c859071115a3418b9a83a5dcf0c7874f5243dfb9e50731218f59ebe5,/Users/antor/gh/lx/top_baffle_v2/review/captive_magnet_slice_audit/slices/no_floor_stand_V1-A_slim_shoulder_4_of_4_top_right/plate_1.gcode,2de4a4f0fb94d1b491bc0b8a9b30b9e835011c7d96b281d9e1e226a9cdf5383b,/Users/antor/gh/lx/top_baffle_v2/review/captive_magnet_slice_audit/slices/no_floor_stand_V1-A_slim_shoulder_4_of_4_top_right/audited_slice_project.3mf,cb3f58024ac8f79d3100275d8e0dbbdac76327067ae750f1c719c0d5f90f0f30,0.0,"[{""site"":""v1_upper_right_receiver"",""print_marked_pole_axis_xyz"":[0.35021039696371,0.9366710617172503,0.0],""installed_marked_pole_axis_xyz"":[0.35021039696371,-0.9366710617172503,0.0],""instruction"":""marked/N pole points along the same installed pair-axis vector as the carrier magnet; the face toward the carrier is therefore the opposite pole""}]"
no_floor_stand:V1-B1:slim_wing_1_of_2_left,no_floor_stand,V1-B1,slim_wing_1_of_2_left,front_face_down,1,v1_lower_left_receiver; v1_upper_left_receiver,2,5.8,5.80,5.96,5.96,0.09999990000004733,0.25999990000004747,"[0.0,0.0,-1.0]",insert vertically downward from above the paused part (+Z side) through the open loading chimney along print -Z,/Users/antor/gh/lx/top_baffle_v2/build/no_floor_stand/stl/slim_wing_1_of_2_left.stl,7b8a1ef0d700cd196d177ad16eed0e51da2601f81e91f777a77df314e40cd788,/Users/antor/gh/lx/top_baffle_v2/review/captive_magnet_slice_audit/slices/no_floor_stand_V1-B1_slim_wing_1_of_2_left/ready/plate_1.gcode,0872780e02867e8448c93c8b1425a60d923ed6163beb10d06a8fb61399ae4811,/Users/antor/gh/lx/top_baffle_v2/review/captive_magnet_slice_audit/slices/no_floor_stand_V1-B1_slim_wing_1_of_2_left/ready/ready_to_print.gcode.3mf,34b4f2ab2da7704f960511cc50a2dca767f6ab6c989e27436b0a4676262e7147,True,16f2729e94fe3d5b3c026533e2d103bb66fc84ddce297511ac5105fdef627361,/Users/antor/gh/lx/top_baffle_v2/review/captive_magnet_slice_audit/slices/no_floor_stand_V1-B1_slim_wing_1_of_2_left/plate_1.gcode,7effbedfbe638f82a3a596c812563a38d4035f8f74f519f5d56839a9785d94e0,/Users/antor/gh/lx/top_baffle_v2/review/captive_magnet_slice_audit/slices/no_floor_stand_V1-B1_slim_wing_1_of_2_left/audited_slice_project.3mf,604d28184c1309883ba418ca5a8b81ea45d636c386acba6d26aab5eca617830c,0.0,"[{""site"":""v1_lower_left_receiver"",""print_marked_pole_axis_xyz"":[-0.9584785342953424,0.2851646880226448,0.0],""installed_marked_pole_axis_xyz"":[-0.9584785342953424,-0.2851646880226448,0.0],""instruction"":""marked/N pole points along the same installed pair-axis vector as the carrier magnet; the face toward the carrier is therefore the opposite pole""},{""site"":""v1_upper_left_receiver"",""print_marked_pole_axis_xyz"":[-0.35021039696371,0.9366710617172503,0.0],""installed_marked_pole_axis_xyz"":[-0.35021039696371,-0.9366710617172503,0.0],""instruction"":""marked/N pole points along the same installed pair-axis vector as the carrier magnet; the face toward the carrier is therefore the opposite pole""}]"
no_floor_stand:V1-B1:slim_wing_2_of_2_right,no_floor_stand,V1-B1,slim_wing_2_of_2_right,front_face_down,1,v1_lower_right_receiver; v1_upper_right_receiver,2,5.8,5.80,5.96,5.96,0.09999990000004377,0.2599999000000439,"[0.0,0.0,-1.0]",insert vertically downward from above the paused part (+Z side) through the open loading chimney along print -Z,/Users/antor/gh/lx/top_baffle_v2/build/no_floor_stand/stl/slim_wing_2_of_2_right.stl,52491d7e9e756a76699d176edd2f0303dbb2ab9a473b85f588fb0dee194d73e9,/Users/antor/gh/lx/top_baffle_v2/review/captive_magnet_slice_audit/slices/no_floor_stand_V1-B1_slim_wing_2_of_2_right/ready/plate_1.gcode,68887254adc1383a234a18e51937d5a440e967b28ebb45f899caead36f28f071,/Users/antor/gh/lx/top_baffle_v2/review/captive_magnet_slice_audit/slices/no_floor_stand_V1-B1_slim_wing_2_of_2_right/ready/ready_to_print.gcode.3mf,051603de373382b08a4e0d50c7bf97adf484bef36f5647c375cf3071159b40c1,True,7a1d6ac7a547bd46b6bb77cc8660abc85153c84a3c2d49594da1fd8dc2424358,/Users/antor/gh/lx/top_baffle_v2/review/captive_magnet_slice_audit/slices/no_floor_stand_V1-B1_slim_wing_2_of_2_right/plate_1.gcode,3ab73c77002091b22ffbd53cc636f57d9c8fc6cc7baf5149069d08e40407d76b,/Users/antor/gh/lx/top_baffle_v2/review/captive_magnet_slice_audit/slices/no_floor_stand_V1-B1_slim_wing_2_of_2_right/audited_slice_project.3mf,1e236888bfac77c0a21133253b704fdbdd2e128b9382755dbf8e4203557ccf71,0.0,"[{""site"":""v1_lower_right_receiver"",""print_marked_pole_axis_xyz"":[0.9584785342953424,0.2851646880226448,0.0],""installed_marked_pole_axis_xyz"":[0.9584785342953424,-0.2851646880226448,0.0],""instruction"":""marked/N pole points along the same installed pair-axis vector as the carrier magnet; the face toward the carrier is therefore the opposite pole""},{""site"":""v1_upper_right_receiver"",""print_marked_pole_axis_xyz"":[0.35021039696371,0.9366710617172503,0.0],""installed_marked_pole_axis_xyz"":[0.35021039696371,-0.9366710617172503,0.0],""instruction"":""marked/N pole points along the same installed pair-axis vector as the carrier magnet; the face toward the carrier is therefore the opposite pole""}]"
no_floor_stand:V1L:slim_4_of_4_vase_b2,no_floor_stand,V1L,slim_4_of_4_vase_b2,front_face_down,1,v1_lower_right_base; v1_lower_left_base; v1_upper_right_base; v1_upper_left_base,4,5.8,5.80,5.96,5.96,0.09999990000003667,0.2599999000000368,"[0.0,0.0,-1.0]",insert vertically downward from above the paused part (+Z side) through the open loading chimney along print -Z,/Users/antor/gh/lx/top_baffle_v2/build/no_floor_stand/stl/slim_4_of_4_vase_b2.stl,33ee34409d1de413ca149d16c06fd670b093f110a6e9ce60fa7248821068ea0d,/Users/antor/gh/lx/top_baffle_v2/review/captive_magnet_slice_audit/slices/no_floor_stand_V1L_slim_4_of_4_vase_b2/ready/plate_1.gcode,55c06ac5668b48a9c1571ff8b806535b6707dfa9323d2ddf4d97ae45a85ad62c,/Users/antor/gh/lx/top_baffle_v2/review/captive_magnet_slice_audit/slices/no_floor_stand_V1L_slim_4_of_4_vase_b2/ready/ready_to_print.gcode.3mf,5eca7a83bc14cbf787835d1ef6d760ceab5d2ecc813ec8a68ceffff1d944ff0e,True,c7fbeda4fd1897a6f9c1a88e58ed89de7b93373dda1992e550e1121a206c1220,/Users/antor/gh/lx/top_baffle_v2/review/captive_magnet_slice_audit/slices/no_floor_stand_V1L_slim_4_of_4_vase_b2/plate_1.gcode,541af2c4419c440f185c4008608fa207ff747b10389439b0ba1034c49336735b,/Users/antor/gh/lx/top_baffle_v2/review/captive_magnet_slice_audit/slices/no_floor_stand_V1L_slim_4_of_4_vase_b2/audited_slice_project.3mf,db822e52c9303b23c46d1b6b5f07d15c58e5e35fa93eb78a0bffed3012aae2a0,0.0,"[{""site"":""v1_lower_right_base"",""print_marked_pole_axis_xyz"":[0.9584785342953424,0.2851646880226448,0.0],""installed_marked_pole_axis_xyz"":[0.9584785342953424,-0.2851646880226448,0.0],""instruction"":""marked/N pole points OUT from carrier toward its mating piece, along installed_marked_pole_axis_xyz""},{""site"":""v1_lower_left_base"",""print_marked_pole_axis_xyz"":[-0.9584785342953424,0.2851646880226448,0.0],""installed_marked_pole_axis_xyz"":[-0.9584785342953424,-0.2851646880226448,0.0],""instruction"":""marked/N pole points OUT from carrier toward its mating piece, along installed_marked_pole_axis_xyz""},{""site"":""v1_upper_right_base"",""print_marked_pole_axis_xyz"":[0.35021039696371,0.9366710617172503,0.0],""installed_marked_pole_axis_xyz"":[0.35021039696371,-0.9366710617172503,0.0],""instruction"":""marked/N pole points OUT from carrier toward its mating piece, along installed_marked_pole_axis_xyz""},{""site"":""v1_upper_left_base"",""print_marked_pole_axis_xyz"":[-0.35021039696371,0.9366710617172503,0.0],""installed_marked_pole_axis_xyz"":[-0.35021039696371,-0.9366710617172503,0.0],""instruction"":""marked/N pole points OUT from carrier toward its mating piece, along installed_marked_pole_axis_xyz""}]"
no_floor_stand:coupon1:lx521_coupon_1_fit_plate,no_floor_stand,coupon1,lx521_coupon_1_fit_plate,front_face_down,1,coupon1_v1_upper_base,1,6.6,6.60,6.76,6.76,0.1999999999999993,0.35999999999999943,"[0.0,0.0,-1.0]",insert vertically downward from above the paused part (+Z side) through the open loading chimney along print -Z,/Users/antor/gh/lx/top_baffle_v2/build/no_floor_stand/stl/lx521_coupon_1_fit_plate.stl,88ec70cfeaf03b854e8271aaac5d0646c24efbdba8d6f374fad12a644df425a3,/Users/antor/gh/lx/top_baffle_v2/review/captive_magnet_slice_audit/slices/no_floor_stand_coupon1_lx521_coupon_1_fit_plate/ready/plate_1.gcode,4b4de9860fb3bdde82bbe670bd9f668554a857d309adb62591176acfd12a0e3f,/Users/antor/gh/lx/top_baffle_v2/review/captive_magnet_slice_audit/slices/no_floor_stand_coupon1_lx521_coupon_1_fit_plate/ready/ready_to_print.gcode.3mf,896ce629bbf610e5a1fbdd67f545450d08e63c3186d6f834d0070f51474308dc,True,16a56bf3c16f10a983dcb8ead6dfc28cc8f1ad16ba39e9efe18ba1af518bb4b8,/Users/antor/gh/lx/top_baffle_v2/review/captive_magnet_slice_audit/slices/no_floor_stand_coupon1_lx521_coupon_1_fit_plate/plate_1.gcode,9585cef398791041497e4d732334091754630af9182d8ea4b6995945fe97ecdb,/Users/antor/gh/lx/top_baffle_v2/review/captive_magnet_slice_audit/slices/no_floor_stand_coupon1_lx521_coupon_1_fit_plate/audited_slice_project.3mf,197b0be1fe51ec51e282f51fb231721e511b4ec49a6fdf836be8460a415029e0,0.0,"[{""site"":""coupon1_v1_upper_base"",""print_marked_pole_axis_xyz"":[0.0,1.0,0.0],""installed_marked_pole_axis_xyz"":[0.0,-1.0,0.0],""instruction"":""unpaired coupon1 regression station: marked/N pole points along installed -Y (print +Y under its X180/Z0 transform); there is no mating magnet and no attraction claim""}]"
shared:Obi-Wan-Flat:obiwan_wing_flat_left_split2_1_of_2_lm_lower,shared,Obi-Wan-Flat,obiwan_wing_flat_left_split2_1_of_2_lm_lower,front_face_down,1,lm_lower_left,1,5.8,5.80,5.96,5.96,0.10000000000000941,0.26000000000000956,"[0.0,0.0,-1.0]",insert vertically downward from above the paused part (+Z side) through the open loading chimney along print -Z,/Users/antor/gh/lx/top_baffle_v2/build/wings/flat/stl/obiwan_wing_flat_left_split2_1_of_2_lm_lower.stl,6a810e136c585d3419011ae003ff4445b09fa76a2b6eaa912f0850ff50eb1d3a,/Users/antor/gh/lx/top_baffle_v2/review/captive_magnet_slice_audit/slices/shared_Obi-Wan-Flat_obiwan_wing_flat_left_split2_1_of_2_lm_lower/ready/plate_1.gcode,f006defe7df07dc367bf04c80516a55fafe3fc5d477894043f03139ef94c9a2c,/Users/antor/gh/lx/top_baffle_v2/review/captive_magnet_slice_audit/slices/shared_Obi-Wan-Flat_obiwan_wing_flat_left_split2_1_of_2_lm_lower/ready/ready_to_print.gcode.3mf,dd140957777e4c735d4b4001d121eb11b921a119b23d5122238cad14a9238545,True,165e588147ae16fdca2f4c863a17a7cb43e319b56d99d342387e0596a9b12ca6,/Users/antor/gh/lx/top_baffle_v2/review/captive_magnet_slice_audit/slices/shared_Obi-Wan-Flat_obiwan_wing_flat_left_split2_1_of_2_lm_lower/plate_1.gcode,5e17e5f0c8dc1fbbbdc702a44a4c6f43df26f4e09e741341a1bcfafceed7c50c,/Users/antor/gh/lx/top_baffle_v2/review/captive_magnet_slice_audit/slices/shared_Obi-Wan-Flat_obiwan_wing_flat_left_split2_1_of_2_lm_lower/audited_slice_project.3mf,30b886c4eecb8623ab86be112d6c69fd145d89731f02c98e22a873f770d3183a,0.0,"[{""site"":""lm_lower_left"",""print_marked_pole_axis_xyz"":[-0.9806556088468728,0.19574109644417936,0.0],""installed_marked_pole_axis_xyz"":[-0.7064513012709772,-0.7077616540421945,0.0],""instruction"":""marked/N pole points along the same installed pair-axis vector as the carrier magnet; the face toward the carrier is therefore the opposite pole""}]"
shared:Obi-Wan-Flat:obiwan_wing_flat_left_split2_2_of_2_lm_um_upper,shared,Obi-Wan-Flat,obiwan_wing_flat_left_split2_2_of_2_lm_um_upper,front_face_down,1,lm_upper_left; um_left,2,5.8,5.80,5.96,5.96,0.09999990000002246,0.2599999000000226,"[0.0,0.0,-1.0]",insert vertically downward from above the paused part (+Z side) through the open loading chimney along print -Z,/Users/antor/gh/lx/top_baffle_v2/build/wings/flat/stl/obiwan_wing_flat_left_split2_2_of_2_lm_um_upper.stl,c750c0025c0a168f50705ede3a77e84d3954432f56155d29a86d494c6d5cef79,/Users/antor/gh/lx/top_baffle_v2/review/captive_magnet_slice_audit/slices/shared_Obi-Wan-Flat_obiwan_wing_flat_left_split2_2_of_2_lm_um_upper/ready/plate_1.gcode,37659fd3d45c3534bf9efc7a0a08321004b5a45835f837ed4cb4fc126857c9f6,/Users/antor/gh/lx/top_baffle_v2/review/captive_magnet_slice_audit/slices/shared_Obi-Wan-Flat_obiwan_wing_flat_left_split2_2_of_2_lm_um_upper/ready/ready_to_print.gcode.3mf,39dc8b40004dccd11fb0d2a77e5eec2660b60dd4155d8589b8052811cc7f5b62,True,30e1f2d4a709ee8207872dfd9b05009a95840e8cfe8b4fad59e75af6c2fa4663,/Users/antor/gh/lx/top_baffle_v2/review/captive_magnet_slice_audit/slices/shared_Obi-Wan-Flat_obiwan_wing_flat_left_split2_2_of_2_lm_um_upper/plate_1.gcode,e48918985c62ee6dc5c9afc940211e90267281ca017ac15b236fd720cd1571be,/Users/antor/gh/lx/top_baffle_v2/review/captive_magnet_slice_audit/slices/shared_Obi-Wan-Flat_obiwan_wing_flat_left_split2_2_of_2_lm_um_upper/audited_slice_project.3mf,9cf0462927aa0255078f7ec2e6fe77dc702a67850978bfa92cf641743a9d9f16,0.0,"[{""site"":""lm_upper_left"",""print_marked_pole_axis_xyz"":[0.9999143275740072,0.013089595571344037,0.0],""installed_marked_pole_axis_xyz"":[-0.4383711467890776,0.8987940462991671,0.0],""instruction"":""marked/N pole points along the same installed pair-axis vector as the carrier magnet; the face toward the carrier is therefore the opposite pole""},{""site"":""um_left"",""print_marked_pole_axis_xyz"":[0.9753423205085127,-0.22069743502150146,0.0],""installed_marked_pole_axis_xyz"":[-0.6360782202777641,0.7716245833877199,0.0],""instruction"":""marked/N pole points along the same installed pair-axis vector as the carrier magnet; the face toward the carrier is therefore the opposite pole""}]"
shared:Obi-Wan-Flat:obiwan_wing_flat_right_split2_1_of_2_lm_lower,shared,Obi-Wan-Flat,obiwan_wing_flat_right_split2_1_of_2_lm_lower,front_face_down,1,lm_lower_right,1,5.8,5.80,5.96,5.96,0.10000000000000941,0.26000000000000956,"[0.0,0.0,-1.0]",insert vertically downward from above the paused part (+Z side) through the open loading chimney along print -Z,/Users/antor/gh/lx/top_baffle_v2/build/wings/flat/stl/obiwan_wing_flat_right_split2_1_of_2_lm_lower.stl,d2c17b218d7c5a2898e334d0edfc0d54c6a15c8f73c4850585661a977ac522d8,/Users/antor/gh/lx/top_baffle_v2/review/captive_magnet_slice_audit/slices/shared_Obi-Wan-Flat_obiwan_wing_flat_right_split2_1_of_2_lm_lower/ready/plate_1.gcode,b563caefb6202575f6232ef277bd7543ca3ac595aefbe196ca0621f061cfca50,/Users/antor/gh/lx/top_baffle_v2/review/captive_magnet_slice_audit/slices/shared_Obi-Wan-Flat_obiwan_wing_flat_right_split2_1_of_2_lm_lower/ready/ready_to_print.gcode.3mf,20b78560e045f769a8c68f085eb15d5edf8a26c50178d1017c2438d70297663f,True,6477c1ec72933cf9d47fa761b414d344bf5e55c9f97b9411f35c38c5a4481d8f,/Users/antor/gh/lx/top_baffle_v2/review/captive_magnet_slice_audit/slices/shared_Obi-Wan-Flat_obiwan_wing_flat_right_split2_1_of_2_lm_lower/plate_1.gcode,893de125cdda6fc2b6f5fa91eea8539b8d07136ebb0bcda40966beddebd8a4df,/Users/antor/gh/lx/top_baffle_v2/review/captive_magnet_slice_audit/slices/shared_Obi-Wan-Flat_obiwan_wing_flat_right_split2_1_of_2_lm_lower/audited_slice_project.3mf,71a32c32ec49e978a9eb6dce3b9dda71068318f26728bdecf381aed8e78a3422,0.0,"[{""site"":""lm_lower_right"",""print_marked_pole_axis_xyz"":[-0.19574109644417936,0.9806556088468728,0.0],""installed_marked_pole_axis_xyz"":[0.7064513012709772,-0.7077616540421945,0.0],""instruction"":""marked/N pole points along the same installed pair-axis vector as the carrier magnet; the face toward the carrier is therefore the opposite pole""}]"
shared:Obi-Wan-Flat:obiwan_wing_flat_right_split2_2_of_2_lm_um_upper,shared,Obi-Wan-Flat,obiwan_wing_flat_right_split2_2_of_2_lm_um_upper,front_face_down,1,lm_upper_right; um_right,2,5.8,5.80,5.96,5.96,0.09999990000002246,0.2599999000000226,"[0.0,0.0,-1.0]",insert vertically downward from above the paused part (+Z side) through the open loading chimney along print -Z,/Users/antor/gh/lx/top_baffle_v2/build/wings/flat/stl/obiwan_wing_flat_right_split2_2_of_2_lm_um_upper.stl,8be9c65c59b2a961419d2af159bd585c20e49ded7b1a266ae8070b4ec3fa1ae5,/Users/antor/gh/lx/top_baffle_v2/review/captive_magnet_slice_audit/slices/shared_Obi-Wan-Flat_obiwan_wing_flat_right_split2_2_of_2_lm_um_upper/ready/plate_1.gcode,22f6c88bc40245fb1c573580a85dfc3cee72d8aa5ebbb70f1d7f9c7cb63a6eb3,/Users/antor/gh/lx/top_baffle_v2/review/captive_magnet_slice_audit/slices/shared_Obi-Wan-Flat_obiwan_wing_flat_right_split2_2_of_2_lm_um_upper/ready/ready_to_print.gcode.3mf,5aa1f2c350f7bca215be8dd7325b7fbf2156c33054a7646f4494c2fa10f55083,True,7bd1931bcae4cbcc09404bb89a909b640e970d4f9c24fd87652d298ad46a3b4b,/Users/antor/gh/lx/top_baffle_v2/review/captive_magnet_slice_audit/slices/shared_Obi-Wan-Flat_obiwan_wing_flat_right_split2_2_of_2_lm_um_upper/plate_1.gcode,86a719b8940d98a45a27dbfd8e0ad24f96ea7d277933c41ec268c57132298057,/Users/antor/gh/lx/top_baffle_v2/review/captive_magnet_slice_audit/slices/shared_Obi-Wan-Flat_obiwan_wing_flat_right_split2_2_of_2_lm_um_upper/audited_slice_project.3mf,19a4b9cdc84d69f5414b1b5753fcc3ceee49d51430f17a950d32bce852875f33,0.0,"[{""site"":""lm_upper_right"",""print_marked_pole_axis_xyz"":[0.999914327574007,-0.013089595571344537,0.0],""installed_marked_pole_axis_xyz"":[0.43837114678907746,0.898794046299167,0.0],""instruction"":""marked/N pole points along the same installed pair-axis vector as the carrier magnet; the face toward the carrier is therefore the opposite pole""},{""site"":""um_right"",""print_marked_pole_axis_xyz"":[0.9753423205085128,0.22069743502150102,0.0],""installed_marked_pole_axis_xyz"":[0.636078220277764,0.77162458338772,0.0],""instruction"":""marked/N pole points along the same installed pair-axis vector as the carrier magnet; the face toward the carrier is therefore the opposite pole""}]"
shared:Obi-Wan-Graded:obiwan_wing_graded_left_split2_1_of_2_lm_lower,shared,Obi-Wan-Graded,obiwan_wing_graded_left_split2_1_of_2_lm_lower,front_face_down,1,lm_lower_left,1,5.8,5.80,5.96,5.96,0.09999990000000825,0.2599999000000084,"[0.0,0.0,-1.0]",insert vertically downward from above the paused part (+Z side) through the open loading chimney along print -Z,/Users/antor/gh/lx/top_baffle_v2/build/wings/graded/stl/obiwan_wing_graded_left_split2_1_of_2_lm_lower.stl,bb82846c5a0581c4eab2b7e84750b67c6d12be3abf59d5ced1d727ac80e4bb4b,/Users/antor/gh/lx/top_baffle_v2/review/captive_magnet_slice_audit/slices/shared_Obi-Wan-Graded_obiwan_wing_graded_left_split2_1_of_2_lm_lower/ready/plate_1.gcode,1187b12f356234ba72513e42d5093b62eb700e71d5bc7baeabb618299754d4ad,/Users/antor/gh/lx/top_baffle_v2/review/captive_magnet_slice_audit/slices/shared_Obi-Wan-Graded_obiwan_wing_graded_left_split2_1_of_2_lm_lower/ready/ready_to_print.gcode.3mf,9b27ff8caa03239fc69806b4cabb666fd38df161581402c9c9131ca611bd19c2,True,6c5fb0550e10fba92b20242003eaa284fcbd10188d6cafd10285cc13a08bc99a,/Users/antor/gh/lx/top_baffle_v2/review/captive_magnet_slice_audit/slices/shared_Obi-Wan-Graded_obiwan_wing_graded_left_split2_1_of_2_lm_lower/plate_1.gcode,3c20187d562213935fa3e7717897017717c1d964699a8f03093d23242431491d,/Users/antor/gh/lx/top_baffle_v2/review/captive_magnet_slice_audit/slices/shared_Obi-Wan-Graded_obiwan_wing_graded_left_split2_1_of_2_lm_lower/audited_slice_project.3mf,48c7acf77ef10bfb4a00995c2858bdf8ab7175be7481cc46078d416aca7f5eda,0.0,"[{""site"":""lm_lower_left"",""print_marked_pole_axis_xyz"":[-0.9806556088468728,0.19574109644417936,0.0],""installed_marked_pole_axis_xyz"":[-0.7064513012709772,-0.7077616540421945,0.0],""instruction"":""marked/N pole points along the same installed pair-axis vector as the carrier magnet; the face toward the carrier is therefore the opposite pole""}]"
shared:Obi-Wan-Graded:obiwan_wing_graded_left_split2_2_of_2_lm_um_upper,shared,Obi-Wan-Graded,obiwan_wing_graded_left_split2_2_of_2_lm_um_upper,front_face_down,1,lm_upper_left; um_left,2,5.8,5.80,5.96,5.96,0.09999990000002246,0.2599999000000226,"[0.0,0.0,-1.0]",insert vertically downward from above the paused part (+Z side) through the open loading chimney along print -Z,/Users/antor/gh/lx/top_baffle_v2/build/wings/graded/stl/obiwan_wing_graded_left_split2_2_of_2_lm_um_upper.stl,fa15e5f241e426367f4c85aba41c417f5cf037c3cd152956cb67bba51b77cac5,/Users/antor/gh/lx/top_baffle_v2/review/captive_magnet_slice_audit/slices/shared_Obi-Wan-Graded_obiwan_wing_graded_left_split2_2_of_2_lm_um_upper/ready/plate_1.gcode,2ca48c27cc373612d2bf44da783d3302cdff6b1627502366f3d3de6423997c43,/Users/antor/gh/lx/top_baffle_v2/review/captive_magnet_slice_audit/slices/shared_Obi-Wan-Graded_obiwan_wing_graded_left_split2_2_of_2_lm_um_upper/ready/ready_to_print.gcode.3mf,dacc822d7c6cd70cfe34dd15a2a8cfe9daeb630115de61ea27df4c580df1b604,True,2ca95f7bedf91885c134fb4e53426f242cbda6f516da6810089542aca7ac0c28,/Users/antor/gh/lx/top_baffle_v2/review/captive_magnet_slice_audit/slices/shared_Obi-Wan-Graded_obiwan_wing_graded_left_split2_2_of_2_lm_um_upper/plate_1.gcode,26ed3ba690e8c2cb85bb848116d55665712f9d25370698a1edd8a653571316dc,/Users/antor/gh/lx/top_baffle_v2/review/captive_magnet_slice_audit/slices/shared_Obi-Wan-Graded_obiwan_wing_graded_left_split2_2_of_2_lm_um_upper/audited_slice_project.3mf,e845d35ed55ec497c12ae60e88f651493b5e18b6b690477f8083d89df205af22,0.0,"[{""site"":""lm_upper_left"",""print_marked_pole_axis_xyz"":[0.013089595571344259,-0.9999143275740072,0.0],""installed_marked_pole_axis_xyz"":[-0.4383711467890776,0.8987940462991671,0.0],""instruction"":""marked/N pole points along the same installed pair-axis vector as the carrier magnet; the face toward the carrier is therefore the opposite pole""},{""site"":""um_left"",""print_marked_pole_axis_xyz"":[-0.22069743502150124,-0.9753423205085127,0.0],""installed_marked_pole_axis_xyz"":[-0.6360782202777641,0.7716245833877199,0.0],""instruction"":""marked/N pole points along the same installed pair-axis vector as the carrier magnet; the face toward the carrier is therefore the opposite pole""}]"
shared:Obi-Wan-Graded:obiwan_wing_graded_right_split2_1_of_2_lm_lower,shared,Obi-Wan-Graded,obiwan_wing_graded_right_split2_1_of_2_lm_lower,front_face_down,1,lm_lower_right,1,5.8,5.80,5.96,5.96,0.09999990000000825,0.2599999000000084,"[0.0,0.0,-1.0]",insert vertically downward from above the paused part (+Z side) through the open loading chimney along print -Z,/Users/antor/gh/lx/top_baffle_v2/build/wings/graded/stl/obiwan_wing_graded_right_split2_1_of_2_lm_lower.stl,e94e8cb163407d9e608e1345d9041207bda0b228b190ac8764effdcc4ba750af,/Users/antor/gh/lx/top_baffle_v2/review/captive_magnet_slice_audit/slices/shared_Obi-Wan-Graded_obiwan_wing_graded_right_split2_1_of_2_lm_lower/ready/plate_1.gcode,379af5d2f199bd2277c4203420a48e640d1a2e70a8da7c6332213cd7a8c7f041,/Users/antor/gh/lx/top_baffle_v2/review/captive_magnet_slice_audit/slices/shared_Obi-Wan-Graded_obiwan_wing_graded_right_split2_1_of_2_lm_lower/ready/ready_to_print.gcode.3mf,6cfb62db7f11d82f8c0ef56b62bb9d1469af4d272d7e5fc6241ef9a803037b63,True,9d2bf74253c59b4756bec7fc740c3b446dbd6fb2ad979c0da6de595b9ae17c5d,/Users/antor/gh/lx/top_baffle_v2/review/captive_magnet_slice_audit/slices/shared_Obi-Wan-Graded_obiwan_wing_graded_right_split2_1_of_2_lm_lower/plate_1.gcode,35e22d7f2bafebb5ff1fc7edcec3c9d03c12850e18b451e2772b97bdd3cbb973,/Users/antor/gh/lx/top_baffle_v2/review/captive_magnet_slice_audit/slices/shared_Obi-Wan-Graded_obiwan_wing_graded_right_split2_1_of_2_lm_lower/audited_slice_project.3mf,309fb7f5f54b81eea49d8a535822042901e3beb1c5970c304d648b733e228d61,0.0,"[{""site"":""lm_lower_right"",""print_marked_pole_axis_xyz"":[-0.19574109644417936,0.9806556088468728,0.0],""installed_marked_pole_axis_xyz"":[0.7064513012709772,-0.7077616540421945,0.0],""instruction"":""marked/N pole points along the same installed pair-axis vector as the carrier magnet; the face toward the carrier is therefore the opposite pole""}]"
shared:Obi-Wan-Graded:obiwan_wing_graded_right_split2_2_of_2_lm_um_upper,shared,Obi-Wan-Graded,obiwan_wing_graded_right_split2_2_of_2_lm_um_upper,front_face_down,1,lm_upper_right; um_right,2,5.8,5.80,5.96,5.96,0.09999990000002246,0.2599999000000226,"[0.0,0.0,-1.0]",insert vertically downward from above the paused part (+Z side) through the open loading chimney along print -Z,/Users/antor/gh/lx/top_baffle_v2/build/wings/graded/stl/obiwan_wing_graded_right_split2_2_of_2_lm_um_upper.stl,cd1c013a5d78a0478261d8665b91cd44e7bbd098b1e45f35a77d36994507fd60,/Users/antor/gh/lx/top_baffle_v2/review/captive_magnet_slice_audit/slices/shared_Obi-Wan-Graded_obiwan_wing_graded_right_split2_2_of_2_lm_um_upper/ready/plate_1.gcode,eab1c7c54aa167805356dfaaae845f7241c297d1b08cd9d4a37bdc24e6796b5a,/Users/antor/gh/lx/top_baffle_v2/review/captive_magnet_slice_audit/slices/shared_Obi-Wan-Graded_obiwan_wing_graded_right_split2_2_of_2_lm_um_upper/ready/ready_to_print.gcode.3mf,817847c00a54c949f63feb9262cd41e496a79c44a50ef8c579edd5f46a422c70,True,be87609792ec2602bbaf9b417a3676661db856745311bc0a15b3f253869aff1d,/Users/antor/gh/lx/top_baffle_v2/review/captive_magnet_slice_audit/slices/shared_Obi-Wan-Graded_obiwan_wing_graded_right_split2_2_of_2_lm_um_upper/plate_1.gcode,b582d7c9ac5ac309bfb1077d7ba3096a6cd80bd0a5813714c16a0d4eedc18f74,/Users/antor/gh/lx/top_baffle_v2/review/captive_magnet_slice_audit/slices/shared_Obi-Wan-Graded_obiwan_wing_graded_right_split2_2_of_2_lm_um_upper/audited_slice_project.3mf,62b45f0199f7055d0592e0841ee15983eea0563d11d1c04c88cccdaf265405ee,0.0,"[{""site"":""lm_upper_right"",""print_marked_pole_axis_xyz"":[0.999914327574007,-0.013089595571344537,0.0],""installed_marked_pole_axis_xyz"":[0.43837114678907746,0.898794046299167,0.0],""instruction"":""marked/N pole points along the same installed pair-axis vector as the carrier magnet; the face toward the carrier is therefore the opposite pole""},{""site"":""um_right"",""print_marked_pole_axis_xyz"":[0.9753423205085128,0.22069743502150102,0.0],""installed_marked_pole_axis_xyz"":[0.636078220277764,0.77162458338772,0.0],""instruction"":""marked/N pole points along the same installed pair-axis vector as the carrier magnet; the face toward the carrier is therefore the opposite pole""}]"
