frequency_hz,angle_deg,max_pairwise_abs_db,low_case,high_case,eligible_reference_count
300.0,0.0,0.0,modal-compact2,modal-compact2,6
300.0,10.0,0.025997067667866247,modal-full2,profile-ring-full-svd,6
300.0,20.0,0.10425134870607877,modal-full2,profile-ring-full-svd,6
300.0,30.0,0.23708332771849427,modal-full2,profile-ring-full-svd,6
300.0,40.0,0.43473799490122644,modal-full2,profile-ring-full-svd,6
300.0,50.0,0.7314819999363138,modal-full2,profile-ring-full-svd,6
300.0,60.0,1.235737101889292,modal-full2,profile-ring-full-svd,6
300.0,70.0,2.348928520583719,modal-full2,profile-ring-full-svd,6
300.0,80.0,6.562397542587654,modal-full2,profile-ring-full-svd,6
300.0,90.0,21.945188211373498,profile-ring-full-svd,modal-full2,6
308.7906709930476,0.0,0.0,modal-compact2,modal-compact2,6
308.7906709930476,10.0,0.027428337902918543,modal-full2,profile-ring-full-svd,6
308.7906709930476,20.0,0.10981930128119188,modal-full2,profile-ring-full-svd,6
308.7906709930476,30.0,0.248987290214302,modal-full2,profile-ring-full-svd,6
308.7906709930476,40.0,0.4542021697006575,modal-full2,profile-ring-full-svd,6
308.7906709930476,50.0,0.7579639938442213,modal-full2,profile-ring-full-svd,6
308.7906709930476,60.0,1.2648628488026645,modal-full2,profile-ring-full-svd,6
308.7906709930476,70.0,2.3615225506833113,modal-full2,profile-ring-full-svd,6
308.7906709930476,80.0,6.309824601911657,modal-full2,profile-ring-full-svd,6
308.7906709930476,90.0,22.070995474330644,profile-ring-full-svd,modal-full2,6
317.8389283077886,0.0,0.0,modal-compact2,modal-compact2,6
317.8389283077886,10.0,0.028971317352564085,modal-full2,profile-ring-full-svd,6
317.8389283077886,20.0,0.11582224405644581,modal-full2,profile-ring-full-svd,6
317.8389283077886,30.0,0.26181799366150216,modal-full2,profile-ring-full-svd,6
317.8389283077886,40.0,0.4751510146100628,modal-full2,profile-ring-full-svd,6
317.8389283077886,50.0,0.786318956596979,modal-full2,profile-ring-full-svd,6
317.8389283077886,60.0,1.2954683095221853,modal-full2,profile-ring-full-svd,6
317.8389283077886,70.0,2.3721948129805526,modal-full2,profile-ring-full-svd,6
317.8389283077886,80.0,6.040393797405613,modal-full2,profile-ring-full-svd,6
317.8389283077886,90.0,22.194261317107596,profile-ring-full-svd,modal-full2,6
327.1523197995773,0.0,0.0,modal-compact2,modal-compact2,6
327.1523197995773,10.0,0.030630343283668537,modal-full2,profile-ring-full-svd,6
327.1523197995773,20.0,0.12227834754109779,modal-full2,profile-ring-full-svd,6
327.1523197995773,30.0,0.2756196320019768,modal-full2,profile-ring-full-svd,6
327.1523197995773,40.0,0.49767233886767315,modal-full2,profile-ring-full-svd,6
327.1523197995773,50.0,0.8167066646641814,modal-full2,profile-ring-full-svd,6
327.1523197995773,60.0,1.3278420908854756,modal-full2,profile-ring-full-svd,6
327.1523197995773,70.0,2.381569311422844,modal-full2,profile-ring-full-svd,6
327.1523197995773,80.0,5.759235442415267,modal-full2,profile-ring-full-svd,6
327.1523197995773,90.0,22.33170277541811,profile-ring-full-svd,modal-full2,6
336.7386144928119,0.0,0.0,modal-compact2,modal-compact2,6
336.7386144928119,10.0,0.0324075138150306,modal-full2,profile-ring-full-svd,6
336.7386144928119,20.0,0.12919720208284247,modal-full2,profile-ring-full-svd,6
336.7386144928119,30.0,0.29041867290577983,modal-full2,profile-ring-full-svd,6
336.7386144928119,40.0,0.5218271390626015,modal-full2,profile-ring-full-svd,6
336.7386144928119,50.0,0.8492573779124584,modal-full2,profile-ring-full-svd,6
336.7386144928119,60.0,1.3622635894863961,modal-full2,profile-ring-full-svd,6
336.7386144928119,70.0,2.3903692646514116,modal-full2,profile-ring-full-svd,6
336.7386144928119,80.0,5.471706125496468,modal-full2,profile-ring-full-svd,6
336.7386144928119,90.0,22.49293245390014,profile-ring-full-svd,modal-full2,6
346.6058090616819,0.0,0.0,modal-compact2,modal-compact2,6
346.6058090616819,10.0,0.03430242812596873,modal-full2,profile-ring-full-svd,6
346.6058090616819,20.0,0.13657873627037986,modal-full2,profile-ring-full-svd,6
346.6058090616819,30.0,0.3062212419481227,modal-full2,profile-ring-full-svd,6
346.6058090616819,40.0,0.5476443862108127,modal-full2,profile-ring-full-svd,6
346.6058090616819,50.0,0.8840621337676353,modal-full2,profile-ring-full-svd,6
346.6058090616819,60.0,1.398984485343206,modal-full2,profile-ring-full-svd,6
346.6058090616819,70.0,2.39937350698613,modal-full2,profile-ring-full-svd,6
346.6058090616819,80.0,5.183081725178255,modal-full2,profile-ring-full-svd,6
346.6058090616819,90.0,22.681192242712036,profile-ring-full-svd,modal-full2,6
356.76213450081633,0.0,0.0,modal-compact2,modal-compact2,6
356.76213450081633,10.0,0.03631024571944863,modal-full2,profile-ring-full-svd,6
356.76213450081633,20.0,0.1444033204672266,modal-full2,profile-ring-full-svd,6
356.76213450081633,30.0,0.3229833539537239,modal-full2,profile-ring-full-svd,6
356.76213450081633,40.0,0.5750512850383913,modal-full2,profile-ring-full-svd,6
356.76213450081633,50.0,0.921035031648735,modal-full2,profile-ring-full-svd,6
356.76213450081633,60.0,1.4379918448861915,modal-full2,profile-ring-full-svd,6
356.76213450081633,70.0,2.4090594344735194,modal-full2,profile-ring-full-svd,6
356.76213450081633,80.0,4.8980608493167495,modal-full2,profile-ring-full-svd,6
356.76213450081633,90.0,22.861577915554143,profile-ring-full-svd,modal-full2,6
367.2160629913966,0.0,0.0,modal-compact2,modal-compact2,6
367.2160629913966,10.0,0.03842545785268925,modal-full2,profile-ring-full-svd,6
367.2160629913966,20.0,0.15265495305530408,modal-full2,profile-ring-full-svd,6
367.2160629913966,30.0,0.3406915993719082,modal-full2,profile-ring-full-svd,6
367.2160629913966,40.0,0.6040807568381013,modal-full2,profile-ring-full-svd,6
367.2160629913966,50.0,0.9603469362220451,modal-full2,profile-ring-full-svd,6
367.2160629913966,60.0,1.47977777315689,modal-full2,profile-ring-full-svd,6
367.2160629913966,70.0,2.4207480422730114,modal-full2,profile-ring-full-svd,6
367.2160629913966,80.0,4.621732469870707,modal-full2,profile-ring-full-svd,6
367.2160629913966,90.0,23.081264553573206,profile-ring-full-svd,modal-full2,6
377.97631496846196,0.0,0.0,modal-compact2,modal-compact2,6
377.97631496846196,10.0,0.04063477319591868,modal-full2,profile-ring-full-svd,6
377.97631496846196,20.0,0.16128132113338722,modal-full2,profile-ring-full-svd,6
377.97631496846196,30.0,0.35923277702056566,modal-full2,profile-ring-full-svd,6
377.97631496846196,40.0,0.634548331475564,modal-full2,profile-ring-full-svd,6
377.97631496846196,50.0,1.0017628872423856,modal-full2,profile-ring-full-svd,6
377.97631496846196,60.0,1.5241696975445294,modal-full2,profile-ring-full-svd,6
377.97631496846196,70.0,2.4348245753805244,modal-full2,profile-ring-full-svd,6
377.97631496846196,80.0,4.357723895170231,modal-full2,profile-ring-full-svd,6
377.97631496846196,90.0,23.300747764651625,profile-ring-full-svd,modal-full2,6
389.0518663953029,0.0,0.0,modal-compact2,modal-compact2,6
389.0518663953029,10.0,0.04292120070796557,modal-full2,profile-ring-full-svd,6
389.0518663953029,20.0,0.17021731175115207,modal-full2,profile-ring-full-svd,6
389.0518663953029,30.0,0.3784720652347744,modal-full2,profile-ring-full-svd,6
389.0518663953029,40.0,0.6662478208722291,modal-full2,profile-ring-full-svd,6
389.0518663953029,50.0,1.0450445200425804,modal-full2,profile-ring-full-svd,6
389.0518663953029,60.0,1.5710365398098958,modal-full2,profile-ring-full-svd,6
389.0518663953029,70.0,2.451777083392571,modal-full2,profile-ring-full-svd,6
389.0518663953029,80.0,4.109137593602476,modal-full2,profile-ring-full-svd,6
389.0518663953029,90.0,23.50259282604442,profile-ring-full-svd,modal-full2,6
400.4519562510103,0.0,0.0,modal-compact2,modal-compact2,6
400.4519562510103,10.0,0.04526337083468235,modal-full2,profile-ring-full-svd,6
400.4519562510103,20.0,0.17938048821358876,modal-full2,profile-ring-full-svd,6
400.4519562510103,30.0,0.3982364130865932,modal-full2,profile-ring-full-svd,6
400.4519562510103,40.0,0.6989070558912118,modal-full2,profile-ring-full-svd,6
400.4519562510103,50.0,1.0898545665976869,modal-full2,profile-ring-full-svd,6
400.4519562510103,60.0,1.620111777108903,modal-full2,profile-ring-full-svd,6
400.4519562510103,70.0,2.471904869642124,modal-full2,profile-ring-full-svd,6
400.4519562510103,80.0,3.8782642277412407,modal-full2,profile-ring-full-svd,6
400.4519562510103,90.0,23.66865629854972,profile-ring-full-svd,modal-full2,6
412.18609423742674,0.0,0.0,modal-compact2,modal-compact2,6
412.18609423742674,10.0,0.0476354203884668,modal-full2,profile-ring-full-svd,6
412.18609423742674,20.0,0.1886706017097879,modal-full2,profile-ring-full-svd,6
412.18609423742674,30.0,0.41831330926989807,modal-full2,profile-ring-full-svd,6
412.18609423742674,40.0,0.7321852315135899,modal-full2,profile-ring-full-svd,6
412.18609423742674,50.0,1.1357512041045155,modal-full2,profile-ring-full-svd,6
412.18609423742674,60.0,1.670980276170063,modal-full2,profile-ring-full-svd,6
412.18609423742674,70.0,2.495280461658851,modal-full2,profile-ring-full-svd,6
412.18609423742674,80.0,3.666548766842169,modal-full2,profile-ring-full-svd,6
412.18609423742674,90.0,23.78165629796183,profile-ring-full-svd,modal-full2,6
424.26406871192853,0.0,0.0,modal-compact2,modal-compact2,6
424.26406871192853,10.0,0.05000871845177102,modal-full2,profile-ring-full-svd,6
424.26406871192853,20.0,0.19797633403446468,modal-full2,profile-ring-full-svd,6
424.26406871192853,30.0,0.4384653092723738,modal-full2,profile-ring-full-svd,6
424.26406871192853,40.0,0.7656969405534682,modal-full2,profile-ring-full-svd,6
424.26406871192853,50.0,1.182221287325099,modal-full2,profile-ring-full-svd,6
424.26406871192853,60.0,1.7231159300220114,modal-full2,profile-ring-full-svd,6
424.26406871192853,70.0,2.5217750201636946,modal-full2,profile-ring-full-svd,6
424.26406871192853,80.0,3.4983050303571943,modal-compact2,profile-ring-full-svd,6
424.26406871192853,90.0,23.829773745067385,profile-ring-full-svd,modal-full2,6
436.6959548526562,0.0,0.0,modal-compact2,modal-compact2,6
436.6959548526562,10.0,0.052353377749540186,modal-full2,profile-ring-full-svd,6
436.6959548526562,20.0,0.2071812495855454,modal-full2,profile-ring-full-svd,6
436.6959548526562,30.0,0.4584430456733912,modal-full2,profile-ring-full-svd,6
436.6959548526562,40.0,0.7990342159915542,modal-full2,profile-ring-full-svd,6
436.6959548526562,50.0,1.2287121067050322,modal-full2,profile-ring-full-svd,6
436.6959548526562,60.0,1.7759208760726963,modal-full2,profile-ring-full-svd,6
436.6959548526562,70.0,2.5510950989661083,modal-full2,profile-ring-full-svd,6
436.6959548526562,80.0,3.3488280368786363,modal-compact2,profile-ring-full-svd,6
436.6959548526562,90.0,23.80817516347522,profile-ring-full-svd,modal-full2,6
449.49212306300444,0.0,0.0,modal-compact2,modal-compact2,6
449.49212306300444,10.0,0.054641147382952227,modal-full2,profile-ring-full-svd,6
449.49212306300444,20.0,0.21617517829789534,modal-full2,profile-ring-full-svd,6
449.49212306300444,30.0,0.4780100992566716,modal-full2,profile-ring-full-svd,6
449.49212306300444,40.0,0.8318087562452448,modal-full2,profile-ring-full-svd,6
449.49212306300444,50.0,1.2746928795291126,modal-full2,profile-ring-full-svd,6
449.49212306300444,60.0,1.82880465975078,modal-full2,profile-ring-full-svd,6
449.49212306300444,70.0,2.5828727312393553,modal-full2,profile-ring-full-svd,6
449.49212306300444,80.0,3.216307666955956,modal-compact2,profile-ring-full-svd,6
449.49212306300444,90.0,23.72073690059532,profile-ring-full-svd,modal-full2,6
462.66324762238224,0.0,0.0,modal-compact2,modal-compact2,6
462.66324762238224,10.0,0.05704491526704203,modal-full2,modal-full4-svd,6
462.66324762238224,20.0,0.22490696810507416,modal-full2,modal-full4-svd,6
462.66324762238224,30.0,0.4969673470913065,modal-full2,profile-ring-full-svd,6
462.66324762238224,40.0,0.8636937779584528,modal-full2,profile-ring-full-svd,6
462.66324762238224,50.0,1.3197171622706065,modal-full2,profile-ring-full-svd,6
462.66324762238224,60.0,1.8812687544940658,modal-full2,profile-ring-full-svd,6
462.66324762238224,70.0,2.6167746437137183,modal-full2,profile-ring-full-svd,6
462.66324762238224,80.0,3.1003130653194617,modal-compact2,profile-ring-full-svd,6
462.66324762238224,90.0,23.578895763089008,profile-ring-full-svd,modal-full2,6
476.2203155904598,0.0,0.0,modal-compact2,modal-compact2,6
476.2203155904598,10.0,0.06000363799348207,modal-full2,modal-full4-svd,6
476.2203155904598,20.0,0.23654717359316635,modal-full2,modal-full4-svd,6
476.2203155904598,30.0,0.5195506426446954,modal-full2,modal-full4-svd,6
476.2203155904598,40.0,0.8944841440124449,modal-full2,profile-ring-full-svd,6
476.2203155904598,50.0,1.36351012138892,modal-full2,profile-ring-full-svd,6
476.2203155904598,60.0,1.9330191238648595,modal-full2,profile-ring-full-svd,6
476.2203155904598,70.0,2.6526324996588926,modal-full2,profile-ring-full-svd,6
476.2203155904598,80.0,3.0003316868412995,modal-compact2,profile-ring-full-svd,6
476.2203155904598,90.0,23.400628962618818,profile-ring-full-svd,modal-full2,6
490.17463597233,0.0,0.0,modal-compact2,modal-compact2,6
490.17463597233,10.0,0.06300125674826518,modal-full2,modal-full4-svd,6
490.17463597233,20.0,0.24835058284159572,modal-full2,modal-full4-svd,6
490.17463597233,30.0,0.5453593269462615,modal-full2,modal-full4-svd,6
490.17463597233,40.0,0.9375939424753383,modal-full2,modal-full4-svd,6
490.17463597233,50.0,1.406870400111373,modal-full2,modal-full4-svd,6
490.17463597233,60.0,1.984060812047062,modal-full2,profile-ring-full-svd,6
490.17463597233,70.0,2.6905600819277,modal-full2,profile-ring-full-svd,6
490.17463597233,80.0,2.915947528211447,modal-compact2,profile-ring-full-svd,6
490.17463597233,90.0,23.20691068216594,profile-ring-full-svd,modal-full2,6
504.5378491522287,0.0,0.0,modal-compact2,modal-compact2,6
504.5378491522287,10.0,0.06601767531483915,modal-full2,modal-full4-svd,6
504.5378491522287,20.0,0.26024080045399955,modal-full2,modal-full4-svd,6
504.5378491522287,30.0,0.5714096024205304,modal-full2,modal-full4-svd,6
504.5378491522287,40.0,0.9819478676944726,modal-full2,modal-full4-svd,6
504.5378491522287,50.0,1.4714840751697622,modal-full2,modal-full4-svd,6
504.5378491522287,60.0,2.0347739576361477,modal-full2,profile-ring-full-svd,6
504.5378491522287,70.0,2.731047199771446,modal-full2,profile-ring-full-svd,6
504.5378491522287,80.0,2.847008924954835,modal-compact2,profile-ring-full-svd,6
504.5378491522287,90.0,23.02007884925049,profile-ring-full-svd,modal-full2,6
519.3219366036858,0.0,0.0,modal-compact2,modal-compact2,6
519.3219366036858,10.0,0.0690341677598667,modal-full2,modal-full4-svd,6
519.3219366036858,20.0,0.27214693425960235,modal-full2,modal-full4-svd,6
519.3219366036858,30.0,0.5975565907294609,modal-full2,modal-full4-svd,6
519.3219366036858,40.0,1.0266340055229435,modal-full2,modal-full4-svd,6
519.3219366036858,50.0,1.5369685332795697,modal-full2,modal-full4-svd,6
519.3219366036858,60.0,2.1089347978241335,modal-full2,modal-full4-svd,6
519.3219366036858,70.0,2.774996477461791,modal-full2,profile-ring-full-svd,6
519.3219366036858,80.0,2.7936272074316406,modal-compact2,profile-ring-full-svd,6
519.3219366036858,90.0,22.86195751885927,profile-ring-full-svd,modal-full2,6
534.5392308842036,0.0,0.0,modal-compact2,modal-compact2,6
534.5392308842036,10.0,0.07203648795496065,modal-full2,modal-full4-svd,6
534.5392308842036,20.0,0.28401539313344415,modal-full2,modal-full4-svd,6
534.5392308842036,30.0,0.6236916931033676,modal-full2,modal-full4-svd,6
534.5392308842036,40.0,1.0714866447826168,modal-full2,modal-full4-svd,6
534.5392308842036,50.0,1.6031134136210952,modal-full2,modal-full4-svd,6
534.5392308842036,60.0,2.1948441626550803,modal-full2,modal-full4-svd,6
534.5392308842036,70.0,2.823675084103442,modal-full2,profile-ring-full-svd,6
534.5392308842036,80.0,2.756144509363139,modal-compact2,profile-ring-full-svd,6
534.5392308842036,90.0,22.751798298601067,profile-ring-full-svd,modal-full2,6
550.2024259228027,0.0,0.0,modal-compact2,modal-compact2,6
550.2024259228027,10.0,0.07501980976832101,modal-full2,modal-full4-svd,6
550.2024259228027,20.0,0.29582853820238597,modal-full2,modal-full4-svd,6
550.2024259228027,30.0,0.649780563700979,modal-full2,modal-full4-svd,6
550.2024259228027,40.0,1.1164546204036867,modal-full2,modal-full4-svd,6
550.2024259228027,50.0,1.6698478384510196,modal-full2,modal-full4-svd,6
550.2024259228027,60.0,2.282408466191775,modal-full2,modal-full4-svd,6
550.2024259228027,70.0,2.892238816898029,modal-full2,modal-full4-svd,6
550.2024259228027,80.0,2.7349270526536316,modal-compact2,profile-ring-full-svd,6
550.2024259228027,90.0,22.707075036324852,profile-ring-full-svd,modal-full2,6
566.324587609016,0.0,0.0,modal-compact2,modal-compact2,6
566.324587609016,10.0,0.07799154305376987,modal-full2,modal-full4-svd,6
566.324587609016,20.0,0.3076150186321769,modal-full2,modal-full4-svd,6
566.324587609016,30.0,0.6758831328940857,modal-full2,modal-full4-svd,6
566.324587609016,40.0,1.1616296102923798,modal-full2,modal-full4-svd,6
566.324587609016,50.0,1.7372712736685898,modal-full2,modal-full4-svd,6
566.324587609016,60.0,2.371640260509956,modal-full2,modal-full4-svd,6
566.324587609016,70.0,2.9916933798499983,modal-full2,modal-full4-svd,6
566.324587609016,80.0,2.730106649091425,modal-compact2,profile-ring-full-svd,6
566.324587609016,90.0,22.742989405905092,profile-ring-full-svd,modal-full2,6
582.9191646921635,0.0,0.0,modal-compact2,modal-compact2,6
582.9191646921635,10.0,0.08097203771083628,modal-full2,modal-full4-svd,6
582.9191646921635,20.0,0.3194519286813602,modal-full2,modal-full4-svd,6
582.9191646921635,30.0,0.7021562068922265,modal-full2,modal-full4-svd,6
582.9191646921635,40.0,1.2072458030148638,modal-full2,modal-full4-svd,6
582.9191646921635,50.0,1.8056442361022604,modal-full2,modal-full4-svd,6
582.9191646921635,60.0,2.462657403672466,modal-full2,modal-full4-svd,6
582.9191646921635,70.0,3.0944530745027023,modal-full2,modal-full4-svd,6
582.9191646921635,80.0,2.7412875843146054,modal-compact2,profile-ring-full-svd,6
582.9191646921635,90.0,22.872410187817366,profile-ring-full-svd,modal-full2,6
600.0,0.0,0.0,modal-compact2,modal-compact2,6
600.0,10.0,0.08399443539613571,modal-full2,modal-full4-svd,6
600.0,20.0,0.3314637453915026,modal-full2,modal-full4-svd,6
600.0,30.0,0.728849464102268,modal-full2,modal-full4-svd,6
600.0,40.0,1.2536691899883934,modal-full2,modal-full4-svd,6
600.0,50.0,1.8753650660178351,modal-full2,modal-full4-svd,6
600.0,60.0,2.5556382317597013,modal-full2,modal-full4-svd,6
600.0,70.0,3.199720688872574,modal-full2,modal-full4-svd,6
600.0,80.0,2.767290419349102,modal-compact2,profile-ring-full-svd,6
600.0,90.0,23.10731457252978,profile-ring-full-svd,modal-full2,6
617.5813419860953,0.0,0.0,modal-compact2,modal-compact2,6
617.5813419860953,10.0,0.08709987357025284,modal-full2,modal-full4-svd,6
617.5813419860953,20.0,0.34380358686723866,modal-full2,modal-full4-svd,6
617.5813419860953,30.0,0.756265007620712,modal-full2,modal-full4-svd,6
617.5813419860953,40.0,1.3013302496210386,modal-full2,modal-full4-svd,6
617.5813419860953,50.0,1.9468751934373714,modal-full2,modal-full4-svd,6
617.5813419860953,60.0,2.650708008477352,modal-full2,modal-full4-svd,6
617.5813419860953,70.0,3.3063512387530665,modal-full2,modal-full4-svd,6
617.5813419860953,80.0,2.8060803777586614,modal-compact2,profile-ring-full-svd,6
617.5813419860953,90.0,23.457090510539054,profile-ring-full-svd,modal-full2,6
635.6778566155772,0.0,0.0,modal-compact2,modal-compact2,6
635.6778566155772,10.0,0.09033403283912378,modal-full2,modal-full4-svd,6
635.6778566155772,20.0,0.3566398812436802,modal-full2,modal-full4-svd,6
635.6778566155772,30.0,0.7847291869747295,modal-full2,modal-full4-svd,6
635.6778566155772,40.0,1.3506785501958944,modal-full2,modal-full4-svd,6
635.6778566155772,50.0,2.020598736139867,modal-full2,modal-full4-svd,6
635.6778566155772,60.0,2.747875975394365,modal-full2,modal-full4-svd,6
635.6778566155772,70.0,3.412830285372543,modal-full2,modal-full4-svd,6
635.6778566155772,80.0,2.854952657569811,modal-compact2,profile-ring-full,6
635.6778566155772,90.0,23.927743488164133,profile-ring-full-svd,modal-full2,6
654.3046395991546,0.0,0.0,modal-compact2,modal-compact2,6
654.3046395991546,10.0,0.09374099555785165,modal-full2,modal-full4-svd,6
654.3046395991546,20.0,0.37013299470228844,modal-full2,modal-full4-svd,6
654.3046395991546,30.0,0.8145444983634746,modal-full2,modal-full4-svd,6
654.3046395991546,40.0,1.4021087225398574,modal-full2,modal-full4-svd,6
654.3046395991546,50.0,2.0968522017058078,modal-full2,modal-full4-svd,6
654.3046395991546,60.0,2.8469621223912327,modal-full2,modal-full4-svd,6
654.3046395991546,70.0,3.517324188295376,modal-full2,modal-full4-svd,6
654.3046395991546,80.0,2.9111102051296527,modal-compact2,profile-ring-full,6
654.3046395991546,90.0,24.515502264564645,profile-ring-full-svd,modal-full2,6
673.4772289856238,0.0,0.0,modal-compact2,modal-compact2,6
673.4772289856238,10.0,0.09736008515304206,modal-full2,modal-full4-svd,6
673.4772289856238,20.0,0.3844237069509262,modal-full2,modal-full4-svd,6
673.4772289856238,30.0,0.8459679230315658,modal-full2,modal-full4-svd,6
673.4772289856238,40.0,1.4559331565361262,modal-full2,modal-full4-svd,6
673.4772289856238,50.0,2.1758276177754112,modal-full2,modal-full4-svd,6
673.4772289856238,60.0,2.947634552309516,modal-full2,modal-full4-svd,6
673.4772289856238,70.0,3.617910882655387,modal-full2,modal-full4-svd,6
673.4772289856238,80.0,2.9723694090985333,modal-compact2,profile-ring-full,6
673.4772289856238,90.0,25.194317322426265,profile-ring-full-svd,modal-full2,6
693.2116181233638,0.0,0.0,modal-compact2,modal-compact2,6
693.2116181233638,10.0,0.10122366384638326,modal-full2,modal-full4-svd,6
693.2116181233638,20.0,0.39962555181064374,modal-full2,modal-full4-svd,6
693.2116181233638,30.0,0.879198098053422,modal-full2,modal-full4-svd,6
693.2116181233638,40.0,1.5123708153135453,modal-full2,modal-full4-svd,6
693.2116181233638,50.0,2.25760199542718,modal-full2,modal-full4-svd,6
693.2116181233638,60.0,3.049488331792503,modal-full2,modal-full4-svd,6
693.2116181233638,70.0,3.7128825212292327,modal-full2,modal-full4-svd,6
693.2116181233638,80.0,3.038187418666098,modal-compact2,profile-ring-full,6
693.2116181233638,90.0,25.892077877193344,profile-ring-full,modal-full2,6
713.5242690016327,0.0,0.0,modal-compact2,modal-compact2,6
713.5242690016327,10.0,0.10535744316700857,modal-full2,modal-full4-svd,6
713.5242690016327,20.0,0.4158273190910222,modal-full2,modal-full4-svd,6
713.5242690016327,30.0,0.9143857749152602,modal-full2,modal-full4-svd,6
713.5242690016327,40.0,1.5715786483764376,modal-full2,modal-full4-svd,6
713.5242690016327,50.0,2.3422164755983204,modal-full2,modal-full4-svd,6
713.5242690016327,60.0,3.1522327443195053,modal-full2,modal-full4-svd,6
713.5242690016327,70.0,3.857854165926298,modal-full2,profile-ring-full,6
713.5242690016327,80.0,3.110300542860564,modal-compact2,profile-ring-full,6
713.5242690016327,90.0,26.457653589070162,profile-ring-full,modal-full2,6
734.4321259827932,0.0,0.0,modal-compact2,modal-compact2,6
734.4321259827932,10.0,0.10978213302041695,modal-full2,modal-full4-svd,6
734.4321259827932,20.0,0.43310083432655233,modal-full2,modal-full4-svd,6
734.4321259827932,30.0,0.9516557262960674,modal-full2,modal-full4-svd,6
734.4321259827932,40.0,1.633701811634353,modal-full2,modal-full4-svd,6
734.4321259827932,50.0,2.4352964293747164,modal-full2,profile-ring-full,6
734.4321259827932,60.0,3.3047707603664875,modal-full2,profile-ring-full,6
734.4321259827932,70.0,4.038158990481435,modal-full2,profile-ring-full,6
734.4321259827932,80.0,3.192292035615097,modal-compact2,profile-ring-full,6
734.4321259827932,90.0,26.654627997485264,profile-ring-full,modal-full2,6
755.9526299369239,0.0,0.0,modal-compact2,modal-compact2,6
755.9526299369239,10.0,0.1146030501281956,modal-full2,profile-ring-full,6
755.9526299369239,20.0,0.4535366880022593,modal-full2,profile-ring-full,6
755.9526299369239,30.0,1.0013108753544486,modal-full2,profile-ring-full,6
755.9526299369239,40.0,1.7292178030893552,modal-full2,profile-ring-full,6
755.9526299369239,50.0,2.5898683964745004,modal-full2,profile-ring-full,6
755.9526299369239,60.0,3.500175099423501,modal-full2,profile-ring-full,6
755.9526299369239,70.0,4.2346692143202205,modal-full2,profile-ring-full,6
755.9526299369239,80.0,3.286867739589539,modal-compact2,profile-ring-full,6
755.9526299369239,90.0,26.268059582266076,profile-ring-full,modal-full2,6
778.1037327906058,0.0,0.0,modal-compact2,modal-compact2,6
778.1037327906058,10.0,0.12104071642228575,modal-full2,profile-ring-full,6
778.1037327906058,20.0,0.4796430602151389,modal-full2,profile-ring-full,6
778.1037327906058,30.0,1.0606070200193898,modal-full2,profile-ring-full,6
778.1037327906058,40.0,1.8336307803474057,modal-full2,profile-ring-full,6
778.1037327906058,50.0,2.7456516985044246,modal-full2,profile-ring-full,6
778.1037327906058,60.0,3.699930780432986,modal-full2,profile-ring-full,6
778.1037327906058,70.0,4.437054223432668,modal-full2,profile-ring-full,6
778.1037327906058,80.0,3.3889750537610297,modal-compact2,profile-ring-full,6
778.1037327906058,90.0,25.283464176509142,profile-ring-full,modal-full2,6
800.9039125020206,0.0,0.0,modal-compact2,modal-compact2,6
800.9039125020206,10.0,0.12506106945571105,modal-full2,modal-full4-svd,6
800.9039125020206,20.0,0.49561719464705334,modal-full2,profile-ring-full,6
800.9039125020206,30.0,1.1014353409381386,modal-full2,profile-ring-full,6
800.9039125020206,40.0,1.91332140280457,modal-full2,profile-ring-full,6
800.9039125020206,50.0,2.873978912881867,modal-full2,profile-ring-full,6
800.9039125020206,60.0,3.872477175949413,modal-full2,profile-ring-full,6
800.9039125020206,70.0,4.614075716120496,modal-full2,profile-ring-full,6
800.9039125020206,80.0,3.472515710245453,modal-compact2,profile-ring-full,6
800.9039125020206,90.0,23.906504737242862,profile-ring-full,modal-full2,6
824.3721884748535,0.0,0.0,modal-compact2,modal-compact2,6
824.3721884748535,10.0,0.1309620025272693,modal-full2,modal-full4-svd,6
824.3721884748535,20.0,0.515126013608679,modal-full2,modal-full4-svd,6
824.3721884748535,30.0,1.1263540104234124,modal-full2,modal-full4-svd,6
824.3721884748535,40.0,1.9213000916568888,modal-full2,profile-ring-full,6
824.3721884748535,50.0,2.9158065717538477,modal-full2,profile-ring-full,6
824.3721884748535,60.0,3.951193256273797,modal-full2,profile-ring-full,6
824.3721884748535,70.0,4.6965925934888375,modal-full2,profile-ring-full,6
824.3721884748535,80.0,3.471430875654576,modal-compact2,profile-ring-full,6
824.3721884748535,90.0,22.420219570345807,profile-ring-full,modal-full2,6
848.5281374238571,0.0,0.0,modal-compact2,modal-compact2,6
848.5281374238571,10.0,0.13735478063468065,modal-full2,modal-full4-svd,6
848.5281374238571,20.0,0.5398103781451624,modal-full2,modal-full4-svd,6
848.5281374238571,30.0,1.178694864604111,modal-full2,modal-full4-svd,6
848.5281374238571,40.0,2.00516278282241,modal-full2,modal-full4-svd,6
848.5281374238571,50.0,2.9415181144343165,modal-full2,modal-full4-svd,6
848.5281374238571,60.0,3.8437251033617343,modal-full2,modal-full4-svd,6
848.5281374238571,70.0,4.570401003561088,modal-full2,profile-ring-full,6
848.5281374238571,80.0,3.270530545608125,modal-compact2,profile-ring-full,6
848.5281374238571,90.0,21.098452837737945,profile-ring-full-svd,modal-full2,6
873.3919097053125,0.0,0.0,modal-compact2,modal-compact2,6
873.3919097053125,10.0,0.14425702626196824,modal-full2,modal-full4-svd,6
873.3919097053125,20.0,0.5665081605755375,modal-full2,modal-full4-svd,6
873.3919097053125,30.0,1.235467007291902,modal-full2,modal-full4-svd,6
873.3919097053125,40.0,2.098189039204243,modal-full2,modal-full4-svd,6
873.3919097053125,50.0,3.0709603484155252,modal-full2,modal-full4-svd,6
873.3919097053125,60.0,3.9984261478826824,modal-full2,modal-full4-svd,6
873.3919097053125,70.0,4.459062040925687,modal-full2,modal-full4-svd,6
873.3919097053125,80.0,2.7451981841366333,modal-compact2,profile-ring-full,6
873.3919097053125,90.0,20.17074400843522,profile-ring-full-svd,modal-full2,6
898.9842461260089,0.0,0.0,modal-compact2,modal-compact2,6
898.9842461260089,10.0,0.15159553850443785,modal-full2,modal-full4-svd,6
898.9842461260089,20.0,0.5950169204028128,modal-full2,modal-full4-svd,6
898.9842461260089,30.0,1.2964871936542437,modal-full2,modal-full4-svd,6
898.9842461260089,40.0,2.1990829390007463,modal-full2,modal-full4-svd,6
898.9842461260089,50.0,3.2134033632430814,modal-full2,modal-full4-svd,6
898.9842461260089,60.0,4.174005960983308,modal-full2,modal-full4-svd,6
898.9842461260089,70.0,4.6348575101656735,modal-full2,modal-full4-svd,6
898.9842461260089,80.0,2.50203053756389,modal-compact2,modal-full4-svd,6
898.9842461260089,90.0,19.747959894875763,profile-ring-full-svd,modal-full2,6
925.3264952447645,0.0,0.0,modal-compact2,modal-compact2,6
925.3264952447645,10.0,0.16318019023974273,profile-ring-full-svd,modal-full4-svd,6
925.3264952447645,20.0,0.624578614614407,modal-full2,modal-full4-svd,6
925.3264952447645,30.0,1.3605406818277999,modal-full2,modal-full4-svd,6
925.3264952447645,40.0,2.3065782907002728,modal-full2,modal-full4-svd,6
925.3264952447645,50.0,3.3681765777429433,modal-full2,modal-full4-svd,6
925.3264952447645,60.0,4.3713779629571405,modal-full2,modal-full4-svd,6
925.3264952447645,70.0,4.85063031009075,modal-full2,modal-full4-svd,6
925.3264952447645,80.0,2.6630306631175955,modal-compact2,modal-full4-svd,6
925.3264952447645,90.0,19.772757011207446,profile-ring-full-svd,modal-full2,6
952.4406311809197,0.0,0.0,modal-compact2,modal-compact2,6
952.4406311809197,10.0,0.19653948993044423,profile-ring-full,modal-full4-svd,6
952.4406311809197,20.0,0.7514879822547442,profile-ring-full-svd,modal-full4-svd,6
952.4406311809197,30.0,1.559296766211304,profile-ring-full-svd,modal-full4-svd,6
952.4406311809197,40.0,2.447873349483203,profile-ring-full-svd,modal-full4-svd,6
952.4406311809197,50.0,3.532156160636511,modal-full2,modal-full4-svd,6
952.4406311809197,60.0,4.588517155394996,modal-full2,modal-full4-svd,6
952.4406311809197,70.0,5.107165890518246,modal-full2,modal-full4-svd,6
952.4406311809197,80.0,3.2750229632469328,profile-ring-full-svd,modal-full4-svd,6
952.4406311809197,90.0,20.083642668774914,profile-ring-full-svd,modal-full2,6
980.3492719446599,0.0,0.0,modal-compact2,modal-compact2,6
980.3492719446599,10.0,0.219051195782896,profile-ring-full,modal-full4-svd,6
980.3492719446599,20.0,0.8459099377186732,profile-ring-full,modal-full4-svd,6
980.3492719446599,30.0,1.7846431166934877,profile-ring-full,modal-full4-svd,6
980.3492719446599,40.0,2.8681126168323345,profile-ring-full-svd,modal-full4-svd,6
980.3492719446599,50.0,3.8783719396114975,profile-ring-full-svd,modal-full4-svd,6
980.3492719446599,60.0,4.819824926233672,modal-full2,modal-full4-svd,6
980.3492719446599,70.0,5.400819341020515,modal-full2,modal-full4-svd,6
980.3492719446599,80.0,4.5334482771135995,profile-ring-full-svd,modal-full4-svd,6
980.3492719446599,90.0,20.549581401158804,profile-ring-full,modal-compact2,6
1009.0756983044574,0.0,0.0,modal-compact2,modal-compact2,6
1009.0756983044574,10.0,0.23231640718086055,profile-ring-full,modal-full4-svd,6
1009.0756983044574,20.0,0.9041463127423981,profile-ring-full,modal-full4-svd,6
1009.0756983044574,30.0,1.931760808985544,profile-ring-full,modal-full4-svd,6
1009.0756983044574,40.0,3.1585058385334577,profile-ring-full,modal-full4-svd,6
1009.0756983044574,50.0,4.361166681164207,profile-ring-full,modal-full4-svd,6
1009.0756983044574,60.0,5.307366801731035,profile-ring-full-svd,modal-full4-svd,6
1009.0756983044574,70.0,5.820194069462325,profile-ring-full-svd,modal-full4-svd,6
1009.0756983044574,80.0,5.588058999624849,profile-ring-full-svd,modal-full4-svd,6
1009.0756983044574,90.0,21.019906796744557,profile-ring-full,modal-compact2,6
1038.6438732073716,0.0,0.0,modal-compact2,modal-compact2,6
1038.6438732073716,10.0,0.23714526032111394,profile-ring-full,modal-full4-svd,6
1038.6438732073716,20.0,0.9301926954796897,profile-ring-full,modal-full4-svd,6
1038.6438732073716,30.0,2.0107326618699943,profile-ring-full,modal-full4-svd,6
1038.6438732073716,40.0,3.3356362716628496,profile-ring-full,modal-full4-svd,6
1038.6438732073716,50.0,4.683096146457061,profile-ring-full,modal-full4-svd,6
1038.6438732073716,60.0,5.798531047221971,profile-ring-full-svd,modal-full4-svd,6
1038.6438732073716,70.0,6.475764891262855,profile-ring-full-svd,modal-full4-svd,6
1038.6438732073716,80.0,6.4022593664798535,profile-ring-full-svd,modal-full4-svd,6
1038.6438732073716,90.0,21.38064837885168,profile-ring-full,modal-compact2,6
1069.0784617684071,0.0,0.0,modal-compact2,modal-compact2,6
1069.0784617684071,10.0,0.23237167931020508,profile-ring-full,modal-full4-svd,6
1069.0784617684071,20.0,0.9208406631386907,profile-ring-full,modal-full4-svd,6
1069.0784617684071,30.0,2.0189242045573224,profile-ring-full,modal-full4-svd,6
1069.0784617684071,40.0,3.4021688962040315,profile-ring-full,modal-full4-svd,6
1069.0784617684071,50.0,4.85258025517939,profile-ring-full,modal-full4-svd,6
1069.0784617684071,60.0,6.09969063628148,profile-ring-full,modal-full4-svd,6
1069.0784617684071,70.0,6.906396799090182,profile-ring-full-svd,modal-full4-svd,6
1069.0784617684071,80.0,6.978481021489003,profile-ring-full-svd,modal-full4-svd,6
1069.0784617684071,90.0,21.517957126992997,profile-ring-full,modal-compact2,6
1100.4048518456054,0.0,0.0,modal-compact2,modal-compact2,6
1100.4048518456054,10.0,0.21486111776204098,profile-ring-full,modal-full4-svd,6
1100.4048518456054,20.0,0.8648226718911474,profile-ring-full,modal-full4-svd,6
1100.4048518456054,30.0,1.9363170126283364,profile-ring-full,modal-full4-svd,6
1100.4048518456054,40.0,3.334574660983492,profile-ring-full,modal-full4-svd,6
1100.4048518456054,50.0,4.850145732740572,profile-ring-full,modal-full4-svd,6
1100.4048518456054,60.0,6.197603941206793,profile-ring-full,modal-full4-svd,6
1100.4048518456054,70.0,7.1119197842037,profile-ring-full,modal-full4-svd,6
1100.4048518456054,80.0,7.321135389448358,profile-ring-full-svd,modal-full4-svd,6
1100.4048518456054,90.0,23.066921146501087,modal-full4-svd,modal-compact2,6
1132.6491752180323,0.0,0.0,modal-compact2,modal-compact2,6
1132.6491752180323,10.0,0.18088341012473563,profile-ring-full,modal-full4-svd,6
1132.6491752180323,20.0,0.7465667957386444,profile-ring-full,modal-full4-svd,6
1132.6491752180323,30.0,1.7293607226726238,profile-ring-full,modal-full4-svd,6
1132.6491752180323,40.0,3.0832466743302263,profile-ring-full,modal-full4-svd,6
1132.6491752180323,50.0,4.6198842886722815,profile-ring-full,modal-full4-svd,6
1132.6491752180323,60.0,6.040780408003698,profile-ring-full,modal-full4-svd,6
1132.6491752180323,70.0,7.052733265362669,profile-ring-full,modal-full4-svd,6
1132.6491752180323,80.0,7.4062663221461165,profile-ring-full,modal-full4-svd,6
1132.6491752180323,90.0,21.328929501869936,modal-full4-svd,modal-compact2,6
1165.838329384327,0.0,0.0,modal-compact2,modal-compact2,6
1165.838329384327,10.0,0.13026554070353313,profile-ring-full,modal-full4-svd,6
1165.838329384327,20.0,0.560279319320955,profile-ring-full,modal-full4-svd,6
1165.838329384327,30.0,1.3736003796443441,profile-ring-full,modal-full4-svd,6
1165.838329384327,40.0,2.5965955594210897,profile-ring-full,modal-full4-svd,6
1165.838329384327,50.0,4.089313255884946,profile-ring-full,modal-full4-svd,6
1165.838329384327,60.0,5.550579968047501,profile-ring-full,modal-full4-svd,6
1165.838329384327,70.0,6.6564013471455965,profile-ring-full,modal-full4-svd,6
1165.838329384327,80.0,7.179552265738565,profile-ring-full,modal-full4-svd,6
1165.838329384327,90.0,19.692931346539226,profile-ring-full,modal-compact2,6
1200.0,0.0,0.0,modal-compact2,modal-compact2,6
1200.0,10.0,0.11469898392471123,profile-ring-full,modal-compact3,6
1200.0,20.0,0.44906414365402725,profile-ring-full,modal-compact3,6
1200.0,30.0,0.965551756297387,profile-ring-full,modal-compact3,6
1200.0,40.0,1.8848372744671877,profile-ring-full,modal-full4-svd,6
1200.0,50.0,3.235988355421796,profile-ring-full,modal-full4-svd,6
1200.0,60.0,4.682592281637028,profile-ring-full,modal-full4-svd,6
1200.0,70.0,5.873121232825326,profile-ring-full,modal-full4-svd,6
1200.0,80.0,6.589737000934207,profile-ring-full,modal-full4-svd,6
1200.0,90.0,18.47448490705665,profile-ring-full,modal-compact2,6
