candidate,rms_0_60_db,mean_0_60_db,max_abs_0_60_db,source_model,half_depth_mm,ring_radii_mm,source_point_profile,acoustic_center_offset_mm,front_depth_mm,rear_depth_mm,front_ring_radii_mm,rear_ring_radii_mm,source_count,source_svd_rcond,source_fit_rms_db_300_1200,rms_70_90_db,mean_70_90_db,max_abs_70_90_db,rms_80_90_db,mean_80_90_db,max_abs_80_90_db,rms_90_db,mean_90_db,max_abs_90_db,hotspot_score_db
d65_r0-25-50-75-95_svd1e-6_ac-20mm,1.4341773166739091,-1.1138011052979195,2.482071837361744,split-discrete,65.0,0 25 50 75 95,symmetric_depth_rings,-20.0,65.0,65.0,0 25 50 75 95,0 25 50 75 95,18,1e-06,2.7046896749975144,7.360907020790827,7.275786302450946,8.357832912757495,8.335011419488001,8.334980090649111,8.357832912757495,8.335011419488001,8.334980090649111,8.357832912757495,7.360907020790827
d65_r0-25-50-75-95_svd1e-5_ac-20mm,1.4354979299531467,-1.1150253901220766,2.4890206742142595,split-discrete,65.0,0 25 50 75 95,symmetric_depth_rings,-20.0,65.0,65.0,0 25 50 75 95,0 25 50 75 95,18,1e-05,2.704741708455638,7.371389449205562,7.295500440667482,8.317353029449848,8.295334600169495,8.29530530037393,8.317353029449848,8.295334600169495,8.29530530037393,8.317353029449848,7.371389449205562
d65_r0-35-70-95_svd1e-5_ac-20mm,1.1300724395179276,-0.8665611991161256,2.008663550868796,split-discrete,65.0,0 35 70 95,symmetric_depth_rings,-20.0,65.0,65.0,0 35 70 95,0 35 70 95,14,1e-05,2.7161512056694916,8.002820584336911,7.9913195197217455,8.726264025111455,7.696872300737416,7.6968427869650355,7.718157725463328,7.696872300737416,7.6968427869650355,7.718157725463328,8.002820584336911
d65_r0-35-70-95_svd1e-6_ac-20mm,1.1264182560691383,-0.8636767143065895,1.9982524064709821,split-discrete,65.0,0 35 70 95,symmetric_depth_rings,-20.0,65.0,65.0,0 35 70 95,0 35 70 95,14,1e-06,2.716109768735566,8.011743872166521,8.001026163607072,8.713881565236079,7.726847849712694,7.726818798558277,7.748007164613924,7.726847849712694,7.726818798558277,7.748007164613924,8.011743872166521
d65_r0-25-50-75-95_svd1e-6_ac+0mm,1.1500998513474299,-0.7892215973013819,1.8668186177219468,split-discrete,65.0,0 25 50 75 95,symmetric_depth_rings,0.0,65.0,65.0,0 25 50 75 95,0 25 50 75 95,18,1e-06,2.718921256826467,9.83368464471985,5.8047252050928275,13.967096944219271,2.1313402530095913,-2.13132373467198,2.139714927845205,2.1313402530095913,-2.13132373467198,2.139714927845205,9.83368464471985
d65_r0-25-50-75-95_svd1e-5_ac+0mm,1.1466026744716984,-0.7889042242517987,1.8532805148574099,split-discrete,65.0,0 25 50 75 95,symmetric_depth_rings,0.0,65.0,65.0,0 25 50 75 95,0 25 50 75 95,18,1e-05,2.718972515888311,9.855552089655923,5.809991919373191,13.996557841673557,2.1493018354555673,-2.14928097397841,2.158750651221446,2.1493018354555673,-2.14928097397841,2.158750651221446,9.855552089655923
d65_r0-35-70-95_svd1e-6_ac+0mm,0.921347298399478,-0.5951927592967877,1.4809255249075548,split-discrete,65.0,0 35 70 95,symmetric_depth_rings,0.0,65.0,65.0,0 35 70 95,0 35 70 95,14,1e-06,2.7309324216831476,10.197619605460206,5.763837595531751,14.411372644910571,2.647009027214799,-2.646956664610485,2.6636061640255235,2.647009027214799,-2.646956664610485,2.6636061640255235,10.197619605460206
d65_r0-35-70-95_svd1e-5_ac+0mm,0.9199543906977915,-0.5958953772875176,1.4850148575662345,split-discrete,65.0,0 35 70 95,symmetric_depth_rings,0.0,65.0,65.0,0 35 70 95,0 35 70 95,14,1e-05,2.730972575889576,10.2102532843328,5.767141609844673,14.43222978391919,2.6567258937183276,-2.65663358767193,2.6787798109801386,2.6567258937183276,-2.65663358767193,2.6787798109801386,10.2102532843328
h1659-modal-full2-az24-reg1e-06_ac+20mm,0.7039436096788763,0.49274193949040423,1.3560472345295693,split-profile-ring,nan,,h1659-modal-full-2,20.0,nan,nan,,,484,,2.1729586952705495,10.915098307785094,8.903954010575706,15.34367791142315,2.593870080971766,2.5916554296587826,2.6988194669130223,2.593870080971766,2.5916554296587826,2.6988194669130223,10.915098307785094
d55_r0-25-50-75-95_svd1e-6_ac+0mm,0.43642536921492253,-0.17953185309383457,0.9064420720341602,split-discrete,55.0,0 25 50 75 95,symmetric_depth_rings,0.0,55.0,55.0,0 25 50 75 95,0 25 50 75 95,18,1e-06,2.565340613164011,11.740403212743221,7.3823505087336,16.7144420689688,1.7454757487966854,-1.7454692615387302,1.7502281123232777,1.7454757487966854,-1.7454692615387302,1.7502281123232777,11.740403212743221
d55_r0-25-50-75-95_svd1e-5_ac+0mm,0.44115967726047045,-0.1843955600929789,0.915981655674436,split-discrete,55.0,0 25 50 75 95,symmetric_depth_rings,0.0,55.0,55.0,0 25 50 75 95,0 25 50 75 95,18,1e-05,2.5653882773683168,11.743282027556566,7.383881326997601,16.719394776664764,1.7464042119708099,-1.7463917069655288,1.7530005972968823,1.7464042119708099,-1.7463917069655288,1.7530005972968823,11.743282027556566
d55_r0-35-70-95_svd1e-5_ac+0mm,0.3520161608718804,-0.03300249394490464,0.6472166100544356,split-discrete,55.0,0 35 70 95,symmetric_depth_rings,0.0,55.0,55.0,0 35 70 95,0 35 70 95,14,1e-05,2.5797654971662367,11.850889874050928,7.159661735460819,16.82128177234815,2.2828249241825085,-2.2827193632382254,2.304672567244623,2.2828249241825085,-2.2827193632382254,2.304672567244623,11.850889874050928
d55_r0-35-70-95_svd1e-6_ac+0mm,0.34973111026987513,-0.028630417189962287,0.638095860716632,split-discrete,55.0,0 35 70 95,symmetric_depth_rings,0.0,55.0,55.0,0 35 70 95,0 35 70 95,14,1e-06,2.579729422027614,11.851567604199,7.157316840613211,16.818432246642452,2.287788487859475,-2.287735118908678,2.3033617274415192,2.287788487859475,-2.287735118908678,2.3033617274415192,11.851567604199
d45_r0-35-70-95-110_svd1e-5_ac+0mm,1.805532059113217,-1.4049233404341834,3.3153848924178035,split-discrete,45.0,0 35 70 95 110,symmetric_depth_rings,0.0,45.0,45.0,0 35 70 95 110,0 35 70 95 110,18,1e-05,2.3353472197166227,11.722744736132503,8.649310807412968,16.73124932411031,0.7382092934490515,0.7374742920938182,0.770408004840327,0.7382092934490515,0.7374742920938182,0.770408004840327,12.02827679524572
d45_r0-35-70-95-110_svd1e-6_ac+0mm,1.805532059113217,-1.4049233404341834,3.3153848924178035,split-discrete,45.0,0 35 70 95 110,symmetric_depth_rings,0.0,45.0,45.0,0 35 70 95 110,0 35 70 95 110,18,1e-06,2.3353522173707946,11.722744736132503,8.649310807412968,16.73124932411031,0.7382092934490515,0.7374742920938182,0.770408004840327,0.7382092934490515,0.7374742920938182,0.770408004840327,12.02827679524572
asym_f55r45_front25_rear35_svd1e-5_ac+0mm,0.9599786376652824,0.577022302673118,2.129713437645165,split-discrete,nan,,asymmetric_depth_rings,0.0,55.0,45.0,0 25 50 75 95,0 35 70 95,16,1e-05,2.4937253909625494,12.957879636968462,9.607720804263419,18.49904524547781,0.9150641320256493,0.914161987572438,0.9547849637985166,0.9150641320256493,0.914161987572438,0.9547849637985166,12.957879636968462
asym_f55r45_front25_rear35_svd1e-6_ac+0mm,0.9644831710210703,0.58419364378518,2.135719943532287,split-discrete,nan,,asymmetric_depth_rings,0.0,55.0,45.0,0 25 50 75 95,0 35 70 95,16,1e-06,2.493682764034254,12.960652358228035,9.618576076818163,18.501608005643803,0.933788751932481,0.9328872581171801,0.9739091654135308,0.933788751932481,0.9328872581171801,0.9739091654135308,12.960652358228035
d55_r0-35-70-95_svd1e-5_ac-20mm,1.1955438369790141,0.6681467665883993,2.639770520875203,split-discrete,55.0,0 35 70 95,symmetric_depth_rings,-20.0,55.0,55.0,0 35 70 95,0 35 70 95,14,1e-05,2.5773908426960612,13.102940832371205,12.029409555864724,17.46855636877438,6.838365680988699,6.8382095373424185,6.884421119475178,6.838365680988699,6.8382095373424185,6.884421119475178,13.102940832371205
d55_r0-35-70-95_svd1e-6_ac-20mm,1.2033010180114503,0.6802914474272967,2.6533263648886347,split-discrete,55.0,0 35 70 95,symmetric_depth_rings,-20.0,55.0,55.0,0 35 70 95,0 35 70 95,14,1e-06,2.577355012556186,13.132820347105257,12.063066369357948,17.49875168313529,6.874620537164221,6.874451980989676,6.922592307818633,6.874620537164221,6.874451980989676,6.922592307818633,13.132820347105257
asym_f45r55_front35_rear25_svd1e-5_ac+0mm,0.6811159447734385,0.2625980291687938,1.54625946549141,split-discrete,nan,,asymmetric_depth_rings,0.0,45.0,55.0,0 35 70 95,0 25 50 75 95,16,1e-05,2.499282955978916,13.304033427548257,7.5262526476832345,18.685088074303884,3.44349308113742,-3.4434727452225147,3.4553071337153582,3.44349308113742,-3.4434727452225147,3.4553071337153582,13.304033427548257
asym_f45r55_front35_rear25_svd1e-6_ac+0mm,0.6885126583948982,0.27434434480147873,1.5635998043077564,split-discrete,nan,,asymmetric_depth_rings,0.0,45.0,55.0,0 35 70 95,0 25 50 75 95,16,1e-06,2.4992402403149314,13.32427791334322,7.524491108164231,18.706258724921383,3.471088193713867,-3.4709964640173965,3.496231267732256,3.471088193713867,-3.4709964640173965,3.496231267732256,13.32427791334322
d55_r0-25-50-75-95_svd1e-5_ac-20mm,1.2666581429783572,0.6482093338762709,2.8087759992669348,split-discrete,55.0,0 25 50 75 95,symmetric_depth_rings,-20.0,55.0,55.0,0 25 50 75 95,0 25 50 75 95,18,1e-05,2.564079718709414,13.367554802205072,12.391512293185672,17.64285205855041,7.380491161796434,7.380331791326405,7.428833742751593,7.380491161796434,7.380331791326405,7.428833742751593,13.367554802205072
d55_r0-25-50-75-95_svd1e-6_ac-20mm,1.2747050808264315,0.6641483418317229,2.824244092264834,split-discrete,55.0,0 25 50 75 95,symmetric_depth_rings,-20.0,55.0,55.0,0 25 50 75 95,0 25 50 75 95,18,1e-06,2.5640332767363865,13.397871690509048,12.429910486433903,17.66964039098925,7.433125707096142,7.432955673913973,7.483232180590512,7.433125707096142,7.432955673913973,7.483232180590512,13.397871690509048
h1659-modal-full2-az24-reg1e-06_ac-20mm,1.0589389966445124,0.72015974935194,2.1143623589659626,split-profile-ring,nan,,h1659-modal-full-2,-20.0,nan,nan,,,484,,1.8710385477506508,13.815413947975566,6.0770171710867,18.63832266906369,6.329717311277141,-6.329527352149789,6.378565491074603,6.329717311277141,-6.329527352149789,6.378565491074603,13.815413947975566
h1659-modal-full3-az24-reg1e-06_ac-20mm,1.055551049040427,0.7180266530690972,2.1075870214110637,split-profile-ring,nan,,h1659-modal-full-3,-20.0,nan,nan,,,726,,1.5577254728819339,13.95149911989553,5.778178327751238,18.633863673360302,6.920085979300237,-6.920013693589212,6.951643449287211,6.920085979300237,-6.920013693589212,6.951643449287211,13.95149911989553
asym_f45r55_r0-35-70-95_svd1e-5_ac-20mm,1.5902174125434059,1.0457256040296188,3.331587382703262,split-discrete,nan,0 35 70 95,asymmetric_depth_rings,-20.0,45.0,55.0,0 35 70 95,0 35 70 95,14,1e-05,2.502791088155247,13.891743620236111,12.059971437974303,19.168039683783768,5.167279451886912,5.167000149666702,5.220725257735282,5.167279451886912,5.167000149666702,5.220725257735282,13.981961032779518
asym_f45r55_r0-35-70-95_svd1e-6_ac-20mm,1.5990942574361573,1.0570942164882318,3.3425759501588033,split-discrete,nan,0 35 70 95,asymmetric_depth_rings,-20.0,45.0,55.0,0 35 70 95,0 35 70 95,14,1e-06,2.50275485829808,13.913335752633508,12.091493418950911,19.18672330866032,5.210494630026225,5.210195734507533,5.266005210868045,5.210494630026225,5.210195734507533,5.266005210868045,14.012430010069664
h1659-modal-full2-az24-reg1e-06_ac+0mm,1.219043534943521,0.8209187098876924,2.448264433253513,split-profile-ring,nan,,h1659-modal-full-2,0.0,nan,nan,,,484,,1.993637231901072,14.022617394867337,10.815689061792291,19.89065878778456,1.8915898337472956,1.8913988737632934,1.9182763636584852,1.8915898337472956,1.8913988737632934,1.9182763636584852,14.022617394867337
asym_f45r55_front35_rear25_svd1e-5_ac-20mm,1.6457225190717595,1.0310704505845272,3.490272842956685,split-discrete,nan,,asymmetric_depth_rings,-20.0,45.0,55.0,0 35 70 95,0 25 50 75 95,16,1e-05,2.494109497852305,13.907731136935205,12.231895089428466,19.06831951726626,5.615535326154165,5.615250968295996,5.671762580697816,5.615535326154165,5.615250968295996,5.671762580697816,14.053453656006964
current_d45_r0-35-70-95_svd1e-5_ac+0mm,1.5146277252348774,1.023155693212876,3.14951265614242,split-discrete,45.0,0 35 70 95,symmetric_depth_rings,0.0,45.0,45.0,0 35 70 95,0 35 70 95,14,1e-05,2.425667868014756,14.046322093721036,8.72776213150144,19.915168251013917,2.277382578498429,-2.2771530610154613,2.3094848651109174,2.277382578498429,-2.2771530610154613,2.3094848651109174,14.060949818955914
asym_f45r55_front35_rear25_svd1e-6_ac-20mm,1.6568868258882992,1.047203631006503,3.504082601618073,split-discrete,nan,,asymmetric_depth_rings,-20.0,45.0,55.0,0 35 70 95,0 25 50 75 95,16,1e-06,2.4940689690234663,13.929371366914777,12.265716962395913,19.08456044875149,5.6664775842391,5.6661825704291005,5.724003771122767,5.6664775842391,5.6661825704291005,5.724003771122767,14.086258192803076
current_d45_r0-35-70-95_svd1e-6_ac+0mm,1.5257422628384258,1.0349369403474697,3.164346587739942,split-discrete,45.0,0 35 70 95,symmetric_depth_rings,0.0,45.0,45.0,0 35 70 95,0 35 70 95,14,1e-06,2.4256304427719915,14.061582779753532,8.716308897989794,19.929984376099576,2.317298515904411,-2.317163851126608,2.3421458215231254,2.317298515904411,-2.317163851126608,2.3421458215231254,14.087325042591958
asym_f45r55_r0-35-70-95_svd1e-5_ac+0mm,0.8315817404219605,0.4764060768957677,1.8693114231590613,split-discrete,nan,0 35 70 95,asymmetric_depth_rings,0.0,45.0,55.0,0 35 70 95,0 35 70 95,14,1e-05,2.507171507534839,14.10062607911628,6.2451877359409345,19.079127547742317,6.396320883196341,-6.396269044493465,6.422020768091791,6.396320883196341,-6.396269044493465,6.422020768091791,14.10062607911628
asym_f45r55_r0-35-70-95_svd1e-6_ac+0mm,0.8406469504403913,0.48647201956238034,1.8845193097564206,split-discrete,nan,0 35 70 95,asymmetric_depth_rings,0.0,45.0,55.0,0 35 70 95,0 35 70 95,14,1e-06,2.5071340943311617,14.12726641002417,6.232432077014568,19.09911262892696,6.445155103906356,-6.445013643160394,6.487715550454396,6.445155103906356,-6.445013643160394,6.487715550454396,14.12726641002417
d45_r0-30-60-90_svd1e-5_ac+20mm,0.45145581106824195,0.024450500868467628,0.943007107681396,split-discrete,45.0,0 30 60 90,symmetric_depth_rings,20.0,45.0,45.0,0 30 60 90,0 30 60 90,14,1e-05,2.4831044300375886,14.231092234659698,13.157022322039888,18.764583577855774,7.7348882605646345,7.734887151168948,7.739029867924486,7.7348882605646345,7.734887151168948,7.739029867924486,14.231092234659698
d45_r0-30-60-90_svd1e-5_ac+0mm,1.6339396433826376,1.170206835026758,3.2875684352527017,split-discrete,45.0,0 30 60 90,symmetric_depth_rings,0.0,45.0,45.0,0 30 60 90,0 30 60 90,14,1e-05,2.4513302383204567,14.149470702005553,8.375902437334743,19.97453547720268,3.028251124160421,-3.0271354395910812,3.109329729846344,3.028251124160421,-3.0271354395910812,3.109329729846344,14.28341034538819
d65_r0-25-50-75-95_svd1e-6_ac+20mm,0.3921531725441385,0.07756121307680744,0.7846938433879913,split-discrete,65.0,0 25 50 75 95,symmetric_depth_rings,20.0,65.0,65.0,0 25 50 75 95,0 25 50 75 95,18,1e-06,2.73768027662908,14.284257854639982,6.6731329148286065,19.483297642201556,5.955917667632556,-5.955917656010239,5.956289735453055,5.955917667632556,-5.955917656010239,5.956289735453055,14.284257854639982
d65_r0-25-50-75-95_svd1e-5_ac+20mm,0.3866258562698278,0.06553826641184628,0.7622143664885712,split-discrete,65.0,0 25 50 75 95,symmetric_depth_rings,20.0,65.0,65.0,0 25 50 75 95,0 25 50 75 95,18,1e-05,2.737737573299808,14.288056102539874,6.585253340254813,19.448917722534226,6.094108664858957,-6.094097191987451,6.105922322839973,6.094108664858957,-6.094097191987451,6.105922322839973,14.288056102539874
d45_r0-25-50-75-95_svd1e-5_ac+0mm,1.569769160669601,0.9974583778568593,3.321911604108479,split-discrete,45.0,0 25 50 75 95,symmetric_depth_rings,0.0,45.0,45.0,0 25 50 75 95,0 25 50 75 95,18,1e-05,2.4092126657511534,14.22603852586011,9.182994156838303,20.21970845842941,1.6815722611346366,-1.6815304786322294,1.6933845432650756,1.6815722611346366,-1.6815304786322294,1.6933845432650756,14.295807686529711
d45_r0-30-60-90_svd1e-6_ac+0mm,1.6430182982945125,1.1786436114531498,3.2981179608667546,split-discrete,45.0,0 30 60 90,symmetric_depth_rings,0.0,45.0,45.0,0 30 60 90,0 30 60 90,14,1e-06,2.45130095555324,14.166607871186592,8.3599359631279,19.985633594190666,3.0767946155544355,-3.076161612425068,3.1385702700550127,3.0767946155544355,-3.076161612425068,3.1385702700550127,14.309626169481104
h1659-modal-full3-az24-reg1e-06_ac+20mm,0.9792055291091897,0.6635626557126649,1.9541754856925664,split-profile-ring,nan,,h1659-modal-full-3,20.0,nan,nan,,,726,,1.837459764600074,14.321714848784529,13.043276243457933,19.073162635539724,7.129132507890692,7.12909712148322,7.15155925681151,7.129132507890692,7.12909712148322,7.15155925681151,14.321714848784529
d45_r0-25-50-75-95_svd1e-6_ac+0mm,1.5841530568287836,1.0141129598996528,3.342569160986308,split-discrete,45.0,0 25 50 75 95,symmetric_depth_rings,0.0,45.0,45.0,0 25 50 75 95,0 25 50 75 95,18,1e-06,2.40916829251958,14.24327333649728,9.173864521289055,20.239767075702282,1.7209459745995337,-1.7209215040414385,1.7300988902756558,1.7209459745995337,-1.7209215040414385,1.7300988902756558,14.327426393326064
h1659-profile-ring-full-az24-reg1e-06-svd1e-05_ac+20mm,1.201507914252626,0.8107137995280809,2.405439742981642,split-profile-ring,nan,,h1659-acoustic-full,20.0,nan,nan,,,242,1e-05,0.934519005569095,14.33878240254514,7.238358205748559,19.756092809823386,5.139421234417149,-5.138786267902301,5.2195718953161006,5.139421234417149,-5.138786267902301,5.2195718953161006,14.33878240254514
d65_r0-35-70-95_svd1e-6_ac+20mm,0.4409777210183002,0.2222182408166944,0.9554306864313702,split-discrete,65.0,0 35 70 95,symmetric_depth_rings,20.0,65.0,65.0,0 35 70 95,0 35 70 95,14,1e-06,2.748836977744031,14.346867976001624,6.5453366711375,19.501625402073373,6.220900358569744,-6.220707948259697,6.2696353813805885,6.220900358569744,-6.220707948259697,6.2696353813805885,14.346867976001624
h1659-profile-ring-full-az24-reg1e-06_ac+20mm,1.2051728001323807,0.8131435130941298,2.41318600470035,split-profile-ring,nan,,h1659-acoustic-full,20.0,nan,nan,,,242,,0.9344252463861611,14.347568194007932,7.258000533668545,19.77368301100168,5.118472575693178,-5.117824452347438,5.199276174722101,5.118472575693178,-5.117824452347438,5.199276174722101,14.347568194007932
h1659-profile-ring-compact-az24-reg1e-06-svd1e-05_ac+20mm,1.218947013439033,0.8225909856722723,2.440198638779435,split-profile-ring,nan,,h1659-acoustic-compact,20.0,nan,nan,,,146,1e-05,0.9420918884873285,14.348068184473837,7.4012347336998605,19.832545486420806,4.890815856502541,-4.89002727270562,4.977851041765675,4.890815856502541,-4.89002727270562,4.977851041765675,14.348068184473837
d45_r0-30-60-90_svd1e-6_ac+20mm,0.47424207334979446,0.05733392774822903,1.0170207044101716,split-discrete,45.0,0 30 60 90,symmetric_depth_rings,20.0,45.0,45.0,0 30 60 90,0 30 60 90,14,1e-06,2.4830771958015156,14.353474080128882,13.276302506525541,18.902437373014422,7.822202210455926,7.822202106036244,7.82348022329645,7.822202210455926,7.822202106036244,7.82348022329645,14.353474080128882
d65_r0-35-70-95_svd1e-5_ac+20mm,0.4324782819744991,0.21219583465095582,0.9378468748279687,split-discrete,65.0,0 35 70 95,symmetric_depth_rings,20.0,65.0,65.0,0 35 70 95,0 35 70 95,14,1e-05,2.748883381707622,14.354973148899308,6.46096676472874,19.474502522602165,6.3573800505993745,-6.356965987047268,6.429523187124616,6.3573800505993745,-6.356965987047268,6.429523187124616,14.354973148899308
h1659-profile-ring-compact-az24-reg1e-06_ac+20mm,1.2228167829225174,0.8251561160460227,2.448430813351891,split-profile-ring,nan,,h1659-acoustic-compact,20.0,nan,nan,,,146,,0.9420932045257976,14.355827357802804,7.427334165228315,19.851055421029344,4.858060784800591,-4.857242854071114,4.946385691093688,4.858060784800591,-4.857242854071114,4.946385691093688,14.355827357802804
h1659-modal-full4-az24-reg1e-06-svd1e-05_ac-20mm,1.030186173677883,0.7042601518338841,2.0484356656766494,split-profile-ring,nan,,h1659-modal-full-4,-20.0,nan,nan,,,968,1e-05,0.9157532803266302,14.414981606169505,4.774315819349981,18.53083043934602,8.826637018693983,-8.826614259057433,8.846658749148503,8.826637018693983,-8.826614259057433,8.846658749148503,14.414981606169505
d45_r0-20-40-60-80-95_svd1e-5_ac+0mm,1.6094039021315965,0.9649059131728428,3.448280082178883,split-discrete,45.0,0 20 40 60 80 95,symmetric_depth_rings,0.0,45.0,45.0,0 20 40 60 80 95,0 20 40 60 80 95,22,1e-05,2.398016745815988,14.361644459048977,9.504658602390865,20.443543491501238,1.2612029436026202,-1.2611807046888721,1.2686703690601178,1.2612029436026202,-1.2611807046888721,1.2686703690601178,14.471048361180573
asym_f45r55_front35_rear25_svd1e-5_ac+20mm,0.9006163776372345,0.27030022476845517,1.994808571144965,split-discrete,nan,,asymmetric_depth_rings,20.0,45.0,55.0,0 35 70 95,0 25 50 75 95,16,1e-05,2.5402373261954803,14.481200433991317,12.027373160570345,20.263391386850024,3.9633480539204498,3.963138756267927,4.003869519606269,3.9633480539204498,3.963138756267927,4.003869519606269,14.481200433991317
asym_f45r55_r0-35-70-95_svd1e-5_ac+20mm,1.0071182514137245,0.4656720748872146,2.2568284217621084,split-discrete,nan,0 35 70 95,asymmetric_depth_rings,20.0,45.0,55.0,0 35 70 95,0 35 70 95,14,1e-05,2.546095758160148,14.486491476739555,11.788933659884595,20.38572415786171,3.371394646697154,3.3709727357157355,3.4243082664565065,3.371394646697154,3.3709727357157355,3.4243082664565065,14.486491476739555
d45_r0-20-40-60-80-95_svd1e-6_ac+0mm,1.6268261313039225,0.9864607324874299,3.4747935265453194,split-discrete,45.0,0 20 40 60 80 95,symmetric_depth_rings,0.0,45.0,45.0,0 20 40 60 80 95,0 20 40 60 80 95,22,1e-06,2.3979618276857346,14.381744007990212,9.498049264403628,20.468949189009336,1.3004316370903755,-1.3004101177381884,1.3078913228353102,1.3004316370903755,-1.3004101177381884,1.3078913228353102,14.508570139294134
asym_f55r35_r0-35-70-95_svd1e-5_ac+20mm,1.4852740951768701,0.9580312832136322,3.1359889488846306,split-discrete,nan,0 35 70 95,asymmetric_depth_rings,20.0,55.0,35.0,0 35 70 95,0 35 70 95,14,1e-05,2.4375515473735234,14.600825008510158,9.109245712465482,20.688802723540284,2.301490526716574,-2.300831168645381,2.355918172158596,2.301490526716574,-2.300831168645381,2.355918172158596,14.600825008510158
asym_f35r55_r0-35-70-95_svd1e-5_ac+0mm,1.4852740951772838,0.9580312832139569,3.13598894888527,split-discrete,nan,0 35 70 95,asymmetric_depth_rings,0.0,35.0,55.0,0 35 70 95,0 35 70 95,14,1e-05,2.437551547373527,14.600825008510949,9.109245712467855,20.6888027235416,2.3014905267133083,-2.3008311686421266,2.3559181721548157,2.3014905267133083,-2.3008311686421266,2.3559181721548157,14.600825008510949
asym_f45r55_r0-35-70-95_svd1e-6_ac+20mm,1.0535740172459835,0.5101498996941579,2.3496522011461494,split-discrete,nan,0 35 70 95,asymmetric_depth_rings,20.0,45.0,55.0,0 35 70 95,0 35 70 95,14,1e-06,2.5460568505815053,14.612140859662112,11.963230724269739,20.525084828773622,3.5743814590872933,3.5739843322834197,3.6272647945528647,3.5743814590872933,3.5739843322834197,3.6272647945528647,14.612140859662112
asym_f45r55_front35_rear25_svd1e-6_ac+20mm,0.9425357760346976,0.3176027399850788,2.094758034499577,split-discrete,nan,,asymmetric_depth_rings,20.0,45.0,55.0,0 35 70 95,0 25 50 75 95,16,1e-06,2.5401922716076255,14.61227811611513,12.195777272418287,20.410448463402,4.148212458238661,4.147991963385817,4.190761933845394,4.148212458238661,4.147991963385817,4.190761933845394,14.61227811611513
asym_f55r35_r0-35-70-95_svd1e-6_ac+20mm,1.5070134084700746,0.9784510139819289,3.1706985426213876,split-discrete,nan,0 35 70 95,asymmetric_depth_rings,20.0,55.0,35.0,0 35 70 95,0 35 70 95,14,1e-06,2.43751601900483,14.630469958105822,9.173271702378184,20.73594140085754,2.22433625552027,-2.2234858556531556,2.2849872973622,2.22433625552027,-2.2234858556531556,2.2849872973622,14.637483366575896
asym_f35r55_r0-35-70-95_svd1e-6_ac+0mm,1.5070134084703921,0.9784510139821861,3.17069854262175,split-discrete,nan,0 35 70 95,asymmetric_depth_rings,0.0,35.0,55.0,0 35 70 95,0 35 70 95,14,1e-06,2.4375160190048333,14.630469958106655,9.17327170237845,20.735941400858167,2.2243362555207877,-2.223485855653756,2.2849872973598053,2.2243362555207877,-2.223485855653756,2.2849872973598053,14.637483366577047
h1659-modal-full3-az24-reg1e-06_ac+0mm,1.0414064359550066,0.7100387052717458,2.0718930143572507,split-profile-ring,nan,,h1659-modal-full-3,0.0,nan,nan,,,726,,1.6731320385433284,14.653873091822145,4.17065777580639,18.376535698724624,9.879588140426955,-9.87516361602136,10.170807627076691,9.879588140426955,-9.87516361602136,10.170807627076691,14.653873091822145
d55_r0-35-70-95_svd1e-6_ac+20mm,0.9203273643571817,0.5029582632191569,2.0653560097191743,split-discrete,55.0,0 35 70 95,symmetric_depth_rings,20.0,55.0,55.0,0 35 70 95,0 35 70 95,14,1e-06,2.6059999086314067,14.74574870649331,7.823445036283646,20.503380136825946,4.676113804447491,-4.6749010628747385,4.7813922102862705,4.676113804447491,-4.6749010628747385,4.7813922102862705,14.74574870649331
d55_r0-35-70-95_svd1e-5_ac+20mm,0.8989365783119727,0.48304316941138553,2.0249800331949785,split-discrete,55.0,0 35 70 95,symmetric_depth_rings,20.0,55.0,55.0,0 35 70 95,0 35 70 95,14,1e-05,2.6060389797004166,14.746784191379934,7.663971446912379,20.448308421781846,4.935380491873487,-4.933906488731413,5.0545189259816325,4.935380491873487,-4.933906488731413,5.0545189259816325,14.746784191379934
d55_r0-25-50-75-95_svd1e-6_ac+20mm,0.8514411763652141,0.3349130841706689,1.9205777250058134,split-discrete,55.0,0 25 50 75 95,symmetric_depth_rings,20.0,55.0,55.0,0 25 50 75 95,0 25 50 75 95,18,1e-06,2.5929427957721822,14.80476073417933,7.643682275062449,20.49478517305795,5.035625364195777,-5.034407628695764,5.145144418705918,5.035625364195777,-5.034407628695764,5.145144418705918,14.80476073417933
d55_r0-25-50-75-95_svd1e-5_ac+20mm,0.8273994315477728,0.3083343155820252,1.8653735355632364,split-discrete,55.0,0 25 50 75 95,symmetric_depth_rings,20.0,55.0,55.0,0 25 50 75 95,0 25 50 75 95,18,1e-05,2.5929937569820773,14.807335903298773,7.447244416394325,20.420774156756046,5.351534171528866,-5.350126330912698,5.4728709125274335,5.351534171528866,-5.350126330912698,5.4728709125274335,14.807335903298773
current_d45_r0-35-70-95_svd1e-5_ac+20mm,1.2707525627643097,0.7029239898643034,2.7690670785478204,split-discrete,45.0,0 35 70 95,symmetric_depth_rings,20.0,45.0,45.0,0 35 70 95,0 35 70 95,14,1e-05,2.4606144029879826,14.88224906316771,12.672353880224003,20.64096574593055,4.870027483259204,4.869896421102663,4.905625057117142,4.870027483259204,4.869896421102663,4.905625057117142,14.88224906316771
current_d45_r0-35-70-95_svd1e-6_ac+20mm,1.319583890646443,0.7480312496663544,2.8578937227478605,split-discrete,45.0,0 35 70 95,symmetric_depth_rings,20.0,45.0,45.0,0 35 70 95,0 35 70 95,14,1e-06,2.4605765629162146,15.005389373559277,12.82002282191623,20.77796997056322,5.023037998550338,5.022901202408285,5.0599720228199345,5.023037998550338,5.022901202408285,5.0599720228199345,15.005389373559277
d45_r0-25-50-75-95_svd1e-5_ac+20mm,1.2288444671199161,0.5318364986630769,2.7026791245186246,split-discrete,45.0,0 25 50 75 95,symmetric_depth_rings,20.0,45.0,45.0,0 25 50 75 95,0 25 50 75 95,18,1e-05,2.445910852894838,15.085583539238927,13.065998265407114,20.76232239830064,5.526927925131793,5.526704232552767,5.57642963335514,5.526927925131793,5.526704232552767,5.57642963335514,15.085583539238927
h1659-profile-ring-compact-az24-reg1e-06_ac+0mm,1.1207256549981583,0.7562049481647023,2.2432993230934812,split-profile-ring,nan,,h1659-acoustic-compact,0.0,nan,nan,,,146,,0.9485801146178776,15.158949825595368,4.8545176234135,19.355777865518952,9.506046879041985,-9.505612149205916,9.596523839393534,9.506046879041985,-9.505612149205916,9.596523839393534,15.158949825595368
asym_f55r45_front25_rear35_svd1e-6_ac+20mm,1.2286042124790917,0.7184039666434557,2.6874573288350874,split-discrete,nan,,asymmetric_depth_rings,20.0,55.0,45.0,0 25 50 75 95,0 35 70 95,16,1e-06,2.5149975322819547,15.191555460090878,7.450907617898938,20.859159996017056,5.789339091430176,-5.786858036198204,5.956331292052454,5.789339091430176,-5.786858036198204,5.956331292052454,15.191555460090878
d45_r0-20-40-60-80-95_svd1e-5_ac+20mm,1.163139996300128,0.32830596107678145,2.5163506036641436,split-discrete,45.0,0 20 40 60 80 95,symmetric_depth_rings,20.0,45.0,45.0,0 20 40 60 80 95,0 20 40 60 80 95,22,1e-05,2.435948780114554,15.192492142102823,13.394713665349531,20.73016646972828,6.227427018828511,6.226969758056757,6.302434366198092,6.227427018828511,6.226969758056757,6.302434366198092,15.192492142102823
asym_f55r45_front25_rear35_svd1e-5_ac+20mm,1.201346929103026,0.6927699147201217,2.638212461801082,split-discrete,nan,,asymmetric_depth_rings,20.0,55.0,45.0,0 25 50 75 95,0 35 70 95,16,1e-05,2.5150415882333177,15.203242804736924,7.264129228259948,20.792306929871735,6.093042815529203,-6.090223487649602,6.275557300951846,6.093042815529203,-6.090223487649602,6.275557300951846,15.203242804736924
h1659-profile-ring-compact-az24-reg1e-06-svd1e-05_ac+0mm,1.1129206028982672,0.7510401849112668,2.227611417443555,split-profile-ring,nan,,h1659-acoustic-compact,0.0,nan,nan,,,146,1e-05,0.9485789833855958,15.23089764563614,4.678845889539817,19.31542453277246,9.81547923816661,-9.81511483965527,9.899692373662212,9.81547923816661,-9.81511483965527,9.899692373662212,15.23089764563614
d45_r0-25-50-75-95_svd1e-6_ac+20mm,1.288845305792274,0.5951839421196808,2.8252546236272664,split-discrete,45.0,0 25 50 75 95,symmetric_depth_rings,20.0,45.0,45.0,0 25 50 75 95,0 25 50 75 95,18,1e-06,2.4458639764862613,15.234596540164416,13.228762735781986,20.93726512609473,5.673864995246964,5.6736472978028445,5.723349656130338,5.673864995246964,5.6736472978028445,5.723349656130338,15.234596540164416
asym_f35r55_r0-35-70-95_svd1e-5_ac-20mm,2.105747911925858,1.4904660545735922,4.18404910325367,split-discrete,nan,0 35 70 95,asymmetric_depth_rings,-20.0,35.0,55.0,0 35 70 95,0 35 70 95,14,1e-05,2.4254367213232872,14.691970111484892,11.77354804418319,20.74785660512476,2.986820285073978,2.9861638286831464,3.0487817461973137,2.986820285073978,2.9861638286831464,3.0487817461973137,15.29771802341075
asym_f55r35_r0-35-70-95_svd1e-5_ac+0mm,2.1057479119258695,1.4904660545736,4.184049103253692,split-discrete,nan,0 35 70 95,asymmetric_depth_rings,0.0,55.0,35.0,0 35 70 95,0 35 70 95,14,1e-05,2.4254367213232872,14.691970111484899,11.77354804418319,20.74785660512481,2.986820285073971,2.9861638286831393,3.0487817461973137,2.986820285073971,2.9861638286831393,3.0487817461973137,15.297718023410768
asym_f35r55_r0-35-70-95_svd1e-6_ac-20mm,2.114971472100969,1.501490322172875,4.193392334672303,split-discrete,nan,0 35 70 95,asymmetric_depth_rings,-20.0,35.0,55.0,0 35 70 95,0 35 70 95,14,1e-06,2.425402357603926,14.705327982147281,11.8014360733982,20.759472125506868,3.0298162227720398,3.0291252365789845,3.0938295246358294,3.0298162227720398,3.0291252365789845,3.0938295246358294,15.32029945424825
asym_f55r35_r0-35-70-95_svd1e-6_ac+0mm,2.114971472100967,1.5014903221728708,4.193392334672282,split-discrete,nan,0 35 70 95,asymmetric_depth_rings,0.0,55.0,35.0,0 35 70 95,0 35 70 95,14,1e-06,2.425402357603926,14.705327982147285,11.801436073398206,20.759472125506846,3.0298162227720433,3.029125236578988,3.0938295246358294,3.0298162227720433,3.029125236578988,3.0938295246358294,15.320299454248252
d45_r0-20-40-60-80-95_svd1e-6_ac+20mm,1.225596421182672,0.40816750709245325,2.6711508944349376,split-discrete,45.0,0 20 40 60 80 95,symmetric_depth_rings,20.0,45.0,45.0,0 20 40 60 80 95,0 20 40 60 80 95,22,1e-06,2.4358912347857857,15.36191092243245,13.566254160382584,20.939439277843576,6.36057236022627,6.3601270113677515,6.435394195084811,6.36057236022627,6.3601270113677515,6.435394195084811,15.36191092243245
h1659-profile-ring-full-az24-reg1e-06_ac+0mm,1.0901659712827325,0.735697072083606,2.182239166205406,split-profile-ring,nan,,h1659-acoustic-full,0.0,nan,nan,,,242,,0.9421269116715613,15.516133702973056,4.098826769618107,19.203724477924517,10.86610553755717,-10.865631523797578,10.967126067428687,10.86610553755717,-10.865631523797578,10.967126067428687,15.516133702973056
asym_f45r35_r0-35-70-95_svd1e-5_ac+20mm,1.7061532190087418,1.0978579095309215,3.5196880286832695,split-discrete,nan,0 35 70 95,asymmetric_depth_rings,20.0,45.0,35.0,0 35 70 95,0 35 70 95,14,1e-05,2.373356692978569,15.344747487508176,13.460363000657646,20.97581153736064,6.093644854618031,6.093630020845456,6.107075587542596,6.093644854618031,6.093630020845456,6.107075587542596,15.550900706516918
h1659-profile-ring-full-az24-reg1e-06-svd1e-05_ac+0mm,1.0824011932724993,0.7305630921642887,2.1658643717214545,split-profile-ring,nan,,h1659-acoustic-full,0.0,nan,nan,,,242,1e-05,0.9422885024693453,15.616098534545053,3.9005622925632757,19.163118122693135,11.220474835002632,-11.220070678589465,11.315304550632362,11.220474835002632,-11.220070678589465,11.315304550632362,15.616098534545053
asym_f45r35_r0-35-70-95_svd1e-6_ac+20mm,1.7536947357262906,1.1413758987809453,3.5975783313492045,split-discrete,nan,0 35 70 95,asymmetric_depth_rings,20.0,45.0,35.0,0 35 70 95,0 35 70 95,14,1e-06,2.3733213658312833,15.453185526098792,13.577334772886365,21.10043999004889,6.198576095546864,6.198555636505592,6.214481509472428,6.198576095546864,6.198555636505592,6.214481509472428,15.706880261825082
h1659-profile-ring-compact-az24-reg1e-06_ac-20mm,0.9008634400289863,0.6091235462096861,1.8054729922539678,split-profile-ring,nan,,h1659-acoustic-compact,-20.0,nan,nan,,,146,,0.9493290691518607,15.972873764411585,2.2810231806894734,18.244146865364947,13.527894076278066,-13.527664079628344,13.606548094055853,13.527894076278066,-13.527664079628344,13.606548094055853,15.972873764411585
h1659-profile-ring-compact-az24-reg1e-06-svd1e-05_ac-20mm,0.900863440037085,0.6091235462150422,1.8054729922630912,split-profile-ring,nan,,h1659-acoustic-compact,-20.0,nan,nan,,,146,1e-05,0.9493290691564475,15.972873764935365,2.2810231801244765,18.244146865382923,13.527894077457143,-13.527664080801795,13.606548096197386,13.527894077457143,-13.527664080801795,13.606548096197386,15.972873764935365
h1659-profile-ring-full-az24-reg1e-06_ac-20mm,0.8916139116305225,0.6023226391046379,1.7877373044424445,split-profile-ring,nan,,h1659-acoustic-full,-20.0,nan,nan,,,242,,0.9432425150794319,16.047395978751148,2.16676024526344,18.22030659277884,13.733452052525875,-13.733204246743806,13.815705133072676,13.733452052525875,-13.733204246743806,13.815705133072676,16.047395978751148
h1659-profile-ring-full-az24-reg1e-06-svd1e-05_ac-20mm,0.8914036032184007,0.6021739750309691,1.7873342156075438,split-profile-ring,nan,,h1659-acoustic-full,-20.0,nan,nan,,,242,1e-05,0.9433573545838991,16.049812989523264,2.1629566093450627,18.219465520153868,13.740227377965242,-13.739953854781064,13.82665141341213,13.740227377965242,-13.739953854781064,13.82665141341213,16.049812989523264
asym_f45r35_r0-35-70-95_svd1e-5_ac+0mm,2.67643019736707,1.96706885263159,5.093932208347965,split-discrete,nan,0 35 70 95,asymmetric_depth_rings,0.0,45.0,35.0,0 35 70 95,0 35 70 95,14,1e-05,2.3480762843162943,15.479114520488395,10.923415504298745,22.052284967701212,0.08373103821412127,-0.04318108146798494,0.1149186655064085,0.08373103821412127,-0.04318108146798494,0.1149186655064085,16.655544717855463
asym_f45r35_r0-35-70-95_svd1e-6_ac+0mm,2.6862074924022497,1.9786389945282423,5.102525179483209,split-discrete,nan,0 35 70 95,asymmetric_depth_rings,0.0,45.0,35.0,0 35 70 95,0 35 70 95,14,1e-06,2.3480404750245434,15.485917248920343,10.932988407926,22.060628978694773,0.07992314600841363,-0.03367994669056529,0.10616008506517716,0.07992314600841363,-0.03367994669056529,0.10616008506517716,16.67212474132259
d35_r0-35-70-95_svd1e-5_ac+0mm,3.208563470202672,2.4154949302662834,5.906885518670251,split-discrete,35.0,0 35 70 95,symmetric_depth_rings,0.0,35.0,35.0,0 35 70 95,0 35 70 95,14,1e-05,2.2735898519471744,16.17777070832529,9.966459860444054,22.847133974161643,2.7769398111600307,-2.776332226593752,2.834419078655884,2.7769398111600307,-2.776332226593752,2.834419078655884,17.886334178527964
d35_r0-35-70-95_svd1e-6_ac+0mm,3.219070083721636,2.4284312060064224,5.9162280090700605,split-discrete,35.0,0 35 70 95,symmetric_depth_rings,0.0,35.0,35.0,0 35 70 95,0 35 70 95,14,1e-06,2.273556035883198,16.19442452394537,9.914263454181892,22.855162737897636,2.8906962890015824,-2.8902770339024713,2.9395081474736102,2.8906962890015824,-2.8902770339024713,2.9395081474736102,17.913494607667005
d35_r0-25-50-75-95_svd1e-5_ac+0mm,3.482028821425651,2.587275027445967,6.445013419055918,split-discrete,35.0,0 25 50 75 95,symmetric_depth_rings,0.0,35.0,35.0,0 25 50 75 95,0 25 50 75 95,18,1e-05,2.2556163608998983,16.59035314742652,10.63557251288458,23.501762529548103,2.0971096207175295,-2.096864656856443,2.1289173031174116,2.0971096207175295,-2.096864656856443,2.1289173031174116,18.57238196885217
d35_r0-25-50-75-95_svd1e-6_ac+0mm,3.5006951052457578,2.610363443704262,6.462747899908919,split-discrete,35.0,0 25 50 75 95,symmetric_depth_rings,0.0,35.0,35.0,0 25 50 75 95,0 25 50 75 95,18,1e-06,2.2555710402977596,16.610405912814375,10.581007793794022,23.51755973428223,2.2230254219380665,-2.2228452878414657,2.251144632425941,2.2230254219380665,-2.2228452878414657,2.251144632425941,18.611101018060133
asym_f55r45_front25_rear35_svd1e-5_ac-20mm,3.4890641916649408,2.5472447247209558,6.5944635329990575,split-discrete,nan,,asymmetric_depth_rings,-20.0,55.0,45.0,0 25 50 75 95,0 35 70 95,16,1e-05,2.507660436013788,18.0119873423569,15.972945314058242,24.449737933111493,7.649505353832702,7.649286049288165,7.707209226692626,7.649505353832702,7.649286049288165,7.707209226692626,20.00105153402184
asym_f55r45_front25_rear35_svd1e-6_ac-20mm,3.49230475380131,2.555722504654714,6.5921659970951865,split-discrete,nan,,asymmetric_depth_rings,-20.0,55.0,45.0,0 25 50 75 95,0 35 70 95,16,1e-06,2.507619221044277,18.037244425991123,16.021089561536897,24.462490381723008,7.73562206937739,7.7353841242799035,7.796057430411814,7.73562206937739,7.7353841242799035,7.796057430411814,20.029549179792433
current_d45_r0-35-70-95_svd1e-5_ac-20mm,3.7319890545115446,2.7860055135447417,6.922557560186739,split-discrete,45.0,0 35 70 95,symmetric_depth_rings,-20.0,45.0,45.0,0 35 70 95,0 35 70 95,14,1e-05,2.436070246468478,18.166754244054186,15.786297928552855,24.923053396178197,6.7970023623410905,6.79678105292464,6.851630230447974,6.7970023623410905,6.79678105292464,6.851630230447974,20.39874329856573
current_d45_r0-35-70-95_svd1e-6_ac-20mm,3.732043479400377,2.7910984664800993,6.910868606971711,split-discrete,45.0,0 35 70 95,symmetric_depth_rings,-20.0,45.0,45.0,0 35 70 95,0 35 70 95,14,1e-06,2.43603520824001,18.18626795561305,15.835898933696685,24.925741092053677,6.894582272360639,6.894319428657965,6.954521803851165,6.894582272360639,6.894319428657965,6.954521803851165,20.41831143501343
h1659-modal-full4-az24-reg1e-06-svd1e-05_ac+20mm,2.5036422765972826,1.684460239842359,5.02523421550049,split-profile-ring,nan,,h1659-modal-full-4,20.0,nan,nan,,,968,1e-05,1.0446019393464359,19.830928141205753,18.595767695450178,25.621037674335213,11.707134419383635,11.707113449026547,11.729272084786388,11.707134419383635,11.707113449026547,11.729272084786388,20.834570417803036
d45_r0-25-50-75-95_svd1e-5_ac-20mm,4.05151941737745,3.008268923833954,7.517198011048762,split-discrete,45.0,0 25 50 75 95,symmetric_depth_rings,-20.0,45.0,45.0,0 25 50 75 95,0 25 50 75 95,18,1e-05,2.4211161910026697,18.868955297508847,16.61928775021554,25.699960671257863,7.685070800545673,7.684842853432212,7.74403345616242,7.685070800545673,7.684842853432212,7.74403345616242,21.420474714886296
d45_r0-25-50-75-95_svd1e-6_ac-20mm,4.056054021667366,3.020407014224132,7.507860769485788,split-discrete,45.0,0 25 50 75 95,symmetric_depth_rings,-20.0,45.0,45.0,0 25 50 75 95,0 25 50 75 95,18,1e-06,2.4210728263110153,18.89005758291419,16.672144328407576,25.70013673355279,7.792016027840212,7.791769283798779,7.853779010202182,7.792016027840212,7.791769283798779,7.853779010202182,21.446111604581553
h1659-modal-full4-az24-reg1e-06-svd1e-05_ac+0mm,2.649665541259445,1.7798277346537517,5.325402751793149,split-profile-ring,nan,,h1659-modal-full-4,0.0,nan,nan,,,968,1e-05,0.9586854626903571,20.441202459206153,19.289585172875228,26.184515203334882,12.526068682802881,12.526035052094361,12.555061247135086,12.526068682802881,12.526035052094361,12.555061247135086,21.590868000465598
d45_r0-30-60-90_svd1e-6_ac-20mm,3.9944100935682494,3.0208434098527013,7.366942975186454,split-discrete,45.0,0 30 60 90,symmetric_depth_rings,-20.0,45.0,45.0,0 30 60 90,0 30 60 90,14,1e-06,2.458439991712706,19.269902904480205,17.03193891545543,26.17503037597664,8.019346006072146,8.019080946142271,8.084281746162205,8.019346006072146,8.019080946142271,8.084281746162205,21.764312998048453
d45_r0-30-60-90_svd1e-5_ac-20mm,4.000821134863921,3.024106145008806,7.383539087979315,split-discrete,45.0,0 30 60 90,symmetric_depth_rings,-20.0,45.0,45.0,0 30 60 90,0 30 60 90,14,1e-05,2.458462319501986,19.263823746120476,17.008209188110502,26.18257414439485,7.963782506460784,7.963565341154499,8.022377477432897,7.963782506460784,7.963565341154499,8.022377477432897,21.7646448809844
d45_r0-35-70-95-110_svd1e-5_ac+20mm,3.02458455229341,1.9241972893769925,6.165588869478711,split-discrete,45.0,0 35 70 95 110,symmetric_depth_rings,20.0,45.0,45.0,0 35 70 95 110,0 35 70 95 110,18,1e-05,2.3820559679380766,20.536734586925547,19.114512413550976,26.801596343239382,11.606092640313364,11.60607166207932,11.628138610563617,11.606092640313364,11.60607166207932,11.628138610563617,22.06131913921896
d45_r0-35-70-95-110_svd1e-6_ac+20mm,3.02458455229341,1.9241972893769925,6.165588869478711,split-discrete,45.0,0 35 70 95 110,symmetric_depth_rings,20.0,45.0,45.0,0 35 70 95 110,0 35 70 95 110,18,1e-06,2.382060101695962,20.536734586925547,19.114512413550976,26.801596343239382,11.606092640313364,11.60607166207932,11.628138610563617,11.606092640313364,11.60607166207932,11.628138610563617,22.06131913921896
d45_r0-20-40-60-80-95_svd1e-5_ac-20mm,4.316200376268774,3.191277746660056,8.009454784906282,split-discrete,45.0,0 20 40 60 80 95,symmetric_depth_rings,-20.0,45.0,45.0,0 20 40 60 80 95,0 20 40 60 80 95,22,1e-05,2.410953580823655,19.499508046435754,17.349450684316196,26.400859284974224,8.449411186259292,8.449211340609306,8.50732430132173,8.449411186259292,8.449211340609306,8.50732430132173,22.315708422704528
d45_r0-20-40-60-80-95_svd1e-6_ac-20mm,4.32728229383331,3.2121049830875434,8.006258030412368,split-discrete,45.0,0 20 40 60 80 95,symmetric_depth_rings,-20.0,45.0,45.0,0 20 40 60 80 95,0 20 40 60 80 95,22,1e-06,2.410900667316056,19.52347300615816,17.40446019565803,26.40000071685924,8.559440713922001,8.559246623483755,8.616888392432259,8.559440713922001,8.559246623483755,8.616888392432259,22.35075529999147
d35_r0-35-70-95_svd1e-5_ac+20mm,3.7698813820134696,-3.039073784807484,6.735659472683174,split-discrete,35.0,0 35 70 95,symmetric_depth_rings,20.0,35.0,35.0,0 35 70 95,0 35 70 95,14,1e-05,2.316558516422885,20.944281828930034,20.58295082329728,24.662478840597146,16.712445625268973,16.71234576861608,16.770118493947997,16.712445625268973,16.71234576861608,16.770118493947997,23.214163210943504
asym_f35r55_r0-35-70-95_svd1e-5_ac+20mm,5.1536368185574855,-4.085746833531703,8.279432397361738,split-discrete,nan,0 35 70 95,asymmetric_depth_rings,20.0,35.0,55.0,0 35 70 95,0 35 70 95,14,1e-05,2.49323584476606,19.56278264144308,19.191175129272516,23.216772533618055,15.400484136041614,15.40029364550777,15.47689166508016,15.400484136041614,15.40029364550777,15.47689166508016,23.216419460000566
d35_r0-35-70-95_svd1e-6_ac+20mm,3.433464308266805,-2.732154406542967,6.300862861881981,split-discrete,35.0,0 35 70 95,symmetric_depth_rings,20.0,35.0,35.0,0 35 70 95,0 35 70 95,14,1e-06,2.316525198822732,21.373294398468445,21.00173609929287,25.17892107568936,17.036945997682142,17.03683781750506,17.09755114361227,17.036945997682142,17.03683781750506,17.09755114361227,23.306758706735252
asym_f35r55_r0-35-70-95_svd1e-6_ac+20mm,4.785322850506859,-3.8084125985433603,8.220970061950261,split-discrete,nan,0 35 70 95,asymmetric_depth_rings,20.0,35.0,55.0,0 35 70 95,0 35 70 95,14,1e-06,2.4931987842252856,20.031321435879434,19.64822838858573,23.782139656393518,15.753682983853171,15.75347581686426,15.834267172948103,15.753682983853171,15.75347581686426,15.834267172948103,23.316644286386293
d35_r0-25-50-75-95_svd1e-5_ac+20mm,4.580026841508335,-3.6710581080259663,8.177953117791574,split-discrete,35.0,0 25 50 75 95,symmetric_depth_rings,20.0,35.0,35.0,0 25 50 75 95,0 25 50 75 95,18,1e-05,2.3005903704946045,20.920116835265645,20.563105729514728,24.609714513364146,16.717662420901018,16.71756727906422,16.77396842415365,16.717662420901018,16.71756727906422,16.77396842415365,24.00014367677398
d35_r0-25-50-75-95_svd1e-6_ac+20mm,4.176942194945183,-3.3119641985594974,7.677101949690993,split-discrete,35.0,0 25 50 75 95,symmetric_depth_rings,20.0,35.0,35.0,0 25 50 75 95,0 25 50 75 95,18,1e-06,2.300545910890421,21.399699919861174,21.032468752110788,25.18103411742561,17.0879669346862,17.08786604673008,17.146585123171377,17.0879669346862,17.08786604673008,17.146585123171377,24.076642114806358
asym_f55r35_r0-35-70-95_svd1e-6_ac-20mm,8.332458297640002,6.733933569575015,14.125391492909124,split-discrete,nan,0 35 70 95,asymmetric_depth_rings,-20.0,55.0,35.0,0 35 70 95,0 35 70 95,14,1e-06,2.4557776820561656,28.03824668640697,26.971002477526532,34.648369456423325,19.31003500364168,19.309522366286895,19.45022712005538,19.31003500364168,19.309522366286895,19.45022712005538,34.870704984046974
asym_f45r35_r0-35-70-95_svd1e-6_ac-20mm,8.374485323900752,6.787717921242691,14.150363573681503,split-discrete,nan,0 35 70 95,asymmetric_depth_rings,-20.0,45.0,35.0,0 35 70 95,0 35 70 95,14,1e-06,2.3773655679493846,28.122644009718147,27.0686881699874,34.70742786289271,19.44305237582868,19.44250973524135,19.587771169430297,19.44305237582868,19.44250973524135,19.587771169430297,34.9971293336189
d35_r0-35-70-95_svd1e-6_ac-20mm,8.407548685295563,6.8343008999250845,14.149624480666269,split-discrete,35.0,0 35 70 95,symmetric_depth_rings,-20.0,35.0,35.0,0 35 70 95,0 35 70 95,14,1e-06,2.295792185544532,28.096959272097564,27.038698863890453,34.6859339576592,19.401426631245496,19.400852380785825,19.550124704271717,19.401426631245496,19.400852380785825,19.550124704271717,35.00450795739313
asym_f55r35_r0-35-70-95_svd1e-5_ac-20mm,8.526856556612149,6.903314874575886,14.419780133508887,split-discrete,nan,0 35 70 95,asymmetric_depth_rings,-20.0,55.0,35.0,0 35 70 95,0 35 70 95,14,1e-05,2.4558106673008435,28.27962089338585,27.213086760118887,34.90618445588727,19.521313842898333,19.52069800289633,19.675758096580395,19.521313842898333,19.52069800289633,19.675758096580395,35.306477449998
asym_f45r35_r0-35-70-95_svd1e-5_ac-20mm,8.566816590189775,6.955799113499765,14.438790766254641,split-discrete,nan,0 35 70 95,asymmetric_depth_rings,-20.0,45.0,35.0,0 35 70 95,0 35 70 95,14,1e-05,2.377398937613212,28.363418199890816,27.310804646295992,34.96626535877063,19.656969031363914,19.656332924662443,19.814470380159868,19.656969031363914,19.656332924662443,19.814470380159868,35.43023479008059
d35_r0-35-70-95_svd1e-5_ac-20mm,8.597570570830404,7.000780234002254,14.4321217322018,split-discrete,35.0,0 35 70 95,symmetric_depth_rings,-20.0,35.0,35.0,0 35 70 95,0 35 70 95,14,1e-05,2.295823548698497,28.33627754173825,27.27996897700133,34.946825077057774,19.616758400474602,19.616096854344963,19.77720037245833,19.616758400474602,19.616096854344963,19.77720037245833,35.433848112568654
d35_r0-25-50-75-95_svd1e-6_ac-20mm,9.54063701525541,7.831088556417964,15.761395378008139,split-discrete,35.0,0 25 50 75 95,symmetric_depth_rings,-20.0,35.0,35.0,0 25 50 75 95,0 25 50 75 95,18,1e-06,2.2796423622045743,29.752572447053712,28.762111216604733,36.37651742424877,21.15059743891022,21.150009629352827,21.307695079278986,21.15059743891022,21.150009629352827,21.307695079278986,37.79320946230912
d35_r0-25-50-75-95_svd1e-5_ac-20mm,9.825072082447349,8.0816657748965,16.17374030254119,split-discrete,35.0,0 25 50 75 95,symmetric_depth_rings,-20.0,35.0,35.0,0 25 50 75 95,0 25 50 75 95,18,1e-05,2.2796839553200146,30.115371435326193,29.130040220795383,36.78331263037164,21.491290153612074,21.490589693633094,21.664103631558177,21.491290153612074,21.490589693633094,21.664103631558177,38.440443517773545
d45_r0-35-70-95-110_svd1e-5_ac-20mm,10.080798417769575,7.790191853319172,17.347717828504685,split-discrete,45.0,0 35 70 95 110,symmetric_depth_rings,-20.0,45.0,45.0,0 35 70 95 110,0 35 70 95 110,18,1e-05,2.3561833721433882,34.35607822803942,33.96506100608784,39.319110198642996,28.798348590949235,28.798290114159265,28.856325159988835,28.798348590949235,28.798290114159265,28.856325159988835,42.936876645808994
d45_r0-35-70-95-110_svd1e-6_ac-20mm,10.080798417769575,7.790191853319172,17.347717828504685,split-discrete,45.0,0 35 70 95 110,symmetric_depth_rings,-20.0,45.0,45.0,0 35 70 95 110,0 35 70 95 110,18,1e-06,2.3561868126130823,34.35607822803942,33.96506100608784,39.319110198642996,28.798348590949235,28.798290114159265,28.856325159988835,28.798348590949235,28.798290114159265,28.856325159988835,42.936876645808994
